Player,Team,Position,MatchesPlayed,AvgRating,TotalMinutes,MarketValueEUR,SalaryEUR,SalarySource,PredictedRating,ValueResidual,RatingPerMillion
Lionel Messi,Argentina,F,6,9.033333333333333,530.0,15000000.0,23000000.0,Reported,7.068541067890193,1.9647922654431405,0.3927536231884058
Kylian Mbappé,France,F,6,8.5,531.0,180000000.0,31250000.0,Reported,7.104405709166144,1.3955942908338557,0.272
Vozinha,Cabo Verde,G,4,7.875,390.0,50000.0,242000.0,Estimated,6.5356687982524395,1.3393312017475605,32.54132231404959
Elijah Just,New Zealand,M,3,7.833333333333333,265.0,2500000.0,1441000.0,Estimated,6.744421888324352,1.0889114450089812,5.436039787184825
Orlando Gill,Paraguay,G,5,7.88,480.0,6000000.0,2676000.0,Estimated,6.81684564811979,1.0631543518802102,2.944693572496263
Ramin Rezaeian,Iran,D,3,7.566666666666666,270.0,250000.0,283000.0,Estimated,6.553980982763244,1.0126856839034222,26.73733804475854
Alireza Beiranvand,Iran,G,3,7.633333333333334,270.0,650000.0,556000.0,Estimated,6.6329962244983305,1.0003371088350033,13.729016786570742
Jude Bellingham,England,M,6,8.033333333333333,524.0,130000000.0,20830000.0,Reported,7.05694598533168,0.9763873480016532,0.3856617058729397
Vinícius Júnior,Brazil,M,5,8.0,441.0,140000000.0,25000000.0,Reported,7.078297041889652,0.9217029581103482,0.32
Stephen Eustaquio,Canada,M,5,7.7,391.0,6000000.0,2676000.0,Estimated,6.81684564811979,0.8831543518802105,2.8774289985052315
Ousmane Dembélé,France,M,6,7.916666666666667,462.0,100000000.0,19560000.0,Estimated,7.049585551457625,0.8670811152090421,0.40473755964553515
Erling Haaland,Norway,F,5,7.959999999999999,465.0,200000000.0,31900000.0,Reported,7.106814425725772,0.8531855742742271,0.2495297805642633
Julián Quiñones,Mexico,M,5,7.720000000000001,414.0,14000000.0,4872000.0,Estimated,6.886952211402135,0.8330477885978658,1.5845648604269296
Amad Diallo,Côte d'Ivoire,F,4,7.775,184.0,45000000.0,11122000.0,Estimated,6.983529646146559,0.7914703538534411,0.6990649163819457
Patrick Beach,Australia,G,4,7.45,389.0,1000000.0,754000.0,Estimated,6.668638431227137,0.781361568772863,9.880636604774535
Lewis Ferguson,Scotland,M,3,7.666666666666667,270.0,14000000.0,4872000.0,Estimated,6.886952211402135,0.7797144552645321,1.5736179529282979
Mohammed Al-Owais,Saudi Arabia,G,3,7.333333333333333,270.0,275000.0,303000.0,Estimated,6.561970700761591,0.7713626325717424,24.202420242024203
Angus Gunn,Scotland,G,3,7.433333333333334,270.0,1000000.0,754000.0,Estimated,6.668638431227137,0.7646949021061964,9.858532272325377
Nathan-Dylan Saliba,Canada,M,3,7.6000000000000005,182.0,7500000.0,3134000.0,Estimated,6.835330744535364,0.7646692554646366,2.4250159540523297
Mostafa Shobeir,Egypt,G,5,7.44,480.0,1200000.0,858000.0,Estimated,6.683756708612087,0.7562432913879134,8.671328671328672
Arda Güler,Türkiye,M,3,7.599999999999999,270.0,90000000.0,5210000.0,Reported,6.894800286517513,0.7051997134824859,1.45873320537428
Juan Fernando Quintero,Colombia,M,4,7.4,117.0,1800000.0,1142000.0,Estimated,6.7172119037017755,0.6827880962982249,6.479859894921192
Aymeric Laporte,Spain,D,6,7.516666666666667,539.0,8000000.0,3280000.0,Estimated,6.840658316003939,0.6760083506627277,2.291666666666667
Jan Paul van Hecke,Netherlands,D,4,7.65,390.0,45000000.0,11122000.0,Estimated,6.983529646146559,0.6664703538534411,0.6878259305880238
Eloy Room,Curaçao,G,3,7.2,270.0,150000.0,242000.0,Estimated,6.5356687982524395,0.6643312017475607,29.75206611570248
Benjamin Asare,Ghana,G,3,7.2,225.0,100000.0,242000.0,Estimated,6.5356687982524395,0.6643312017475607,29.75206611570248
Leandro Trossard,Belgium,M,6,7.566666666666666,540.0,18000000.0,5819000.0,Estimated,6.9077349010858216,0.6589317655808449,1.3003379733058371
Rodri,Spain,M,6,7.6499999999999995,537.0,50000000.0,11982000.0,Estimated,6.992244143327939,0.6577558566720603,0.6384576865297947
Hwang In-beom,South Korea,M,3,7.466666666666666,264.0,7000000.0,2984000.0,Estimated,6.829592233919241,0.6370744327474247,2.502234137622877
Richie Laryea,Canada,D,5,7.3,431.0,1000000.0,754000.0,Estimated,6.668638431227137,0.6313615687728626,9.681697612732096
Diney Borges,Cabo Verde,D,4,7.275,390.0,900000.0,700000.0,Estimated,6.659943633049531,0.6150563669504692,10.392857142857144
Pedro Vite,Ecuador,M,4,7.425000000000001,360.0,6000000.0,2676000.0,Estimated,6.81684564811979,0.608154351880211,2.774663677130045
Johan Manzambi,Switzerland,M,4,7.6,200.0,50000000.0,11982000.0,Estimated,6.992244143327939,0.6077558566720604,0.6342847604740444
Alessandro Circati,Australia,D,4,7.475,390.0,12000000.0,4369000.0,Estimated,6.874202251167567,0.6007977488324325,1.7109178301670862
Idrissa Gana Gueye,Senegal,M,4,7.2,364.0,500000.0,462000.0,Estimated,6.611326702778651,0.5886732972213489,15.584415584415584
Joshua Kimmich,Germany,D,4,7.55,353.0,35000000.0,9312000.0,Estimated,6.96274726739966,0.5872527326003398,0.8107817869415808
Gregor Kobel,Switzerland,G,6,7.55,600.0,40000000.0,10234000.0,Estimated,6.973793795714149,0.5762062042858505,0.7377369552472152
Ismaïla Sarr,Senegal,M,4,7.549999999999999,366.0,40000000.0,10234000.0,Estimated,6.973793795714149,0.5762062042858496,0.737736955247215
Granit Xhaka,Switzerland,M,6,7.416666666666667,600.0,8000000.0,3280000.0,Estimated,6.840658316003939,0.576008350662728,2.261178861788618
Florian Wirtz,Germany,M,4,7.625,363.0,100000000.0,19560000.0,Estimated,7.049585551457625,0.5754144485423751,0.38982617586912066
Virgil van Dijk,Netherlands,D,4,7.45,390.0,15000000.0,5115000.0,Estimated,6.89264712722885,0.5573528727711503,1.4565004887585533
Hernán Galíndez,Ecuador,G,4,7.125,360.0,300000.0,322000.0,Estimated,6.569086730951119,0.5559132690488813,22.127329192546583
Cody Gakpo,Netherlands,F,4,7.55,371.0,60000000.0,13631000.0,Estimated,7.007330754242836,0.542669245757164,0.553884527914313
Bruno Fernandes,Portugal,M,5,7.5,423.0,35000000.0,9312000.0,Estimated,6.96274726739966,0.53725273260034,0.8054123711340206
Shoja Khalilzadeh,Iran,D,3,7.066666666666666,270.0,100000.0,242000.0,Estimated,6.5356687982524395,0.5309978684142269,29.201101928374655
Alexander Freeman,USA,D,5,7.3,373.0,3500000.0,1828000.0,Estimated,6.772255380942992,0.5277446190570076,3.99343544857768
Harry Kane,England,F,6,7.533333333333334,548.0,60000000.0,13631000.0,Estimated,7.007330754242836,0.5260025790904983,0.5526618247621843
Crysencio Summerville,Netherlands,F,4,7.475,253.0,35000000.0,9312000.0,Estimated,6.96274726739966,0.5122527326003397,0.8027276632302406
Lisandro Martínez,Argentina,D,5,7.4799999999999995,510.0,40000000.0,10234000.0,Estimated,6.973793795714149,0.5062062042858502,0.7308970099667773
Roberto Alvarado,Mexico,M,5,7.340000000000001,430.0,7500000.0,3134000.0,Estimated,6.835330744535364,0.5046692554646368,2.342054881940013
Casemiro,Brazil,M,5,7.32,379.0,6000000.0,2676000.0,Estimated,6.81684564811979,0.5031543518802106,2.7354260089686098
Deniz Undav,Germany,F,4,7.425,149.0,22000000.0,6706000.0,Estimated,6.924334739374407,0.5006652606255928,1.107217417238294
Ronwen Williams,South Africa,G,4,7.15,360.0,800000.0,644000.0,Estimated,6.650187659050073,0.4998123409499273,11.10248447204969
Johan Mojica,Colombia,D,4,7.2,390.0,1500000.0,1004000.0,Estimated,6.702143077025333,0.497856922974667,7.171314741035856
Ivan Bašić,Bosnia & Herzegovina,M,3,7.2,179.0,1500000.0,1004000.0,Estimated,6.702143077025333,0.497856922974667,7.171314741035856
Youri Tielemans,Belgium,M,5,7.44,475.0,30000000.0,8350000.0,Estimated,6.949988886196416,0.4900111138035843,0.8910179640718564
Diogo Costa,Portugal,G,5,7.459999999999999,450.0,40000000.0,10234000.0,Estimated,6.973793795714149,0.4862062042858497,0.7289427398866523
Yan Diomande,Côte d'Ivoire,M,4,7.525,331.0,90000000.0,18156000.0,Estimated,7.040870447597404,0.4841295524025959,0.4144635382242785
Ibrahim Sangaré,Côte d'Ivoire,M,4,7.4,268.0,20000000.0,6269000.0,Estimated,6.9164503380099305,0.4835496619900699,1.1804115488913702
Álvaro Fidalgo,Mexico,M,3,7.3,95.0,6000000.0,2676000.0,Estimated,6.81684564811979,0.48315435188021016,2.7279521674140508
Gi-Hyuk Lee,South Korea,D,3,7.133333333333333,270.0,800000.0,644000.0,Estimated,6.650187659050073,0.48314567428325983,11.076604554865423
Aurélien Tchouaméni,France,M,3,7.5,270.0,70000000.0,15200000.0,Estimated,7.020078191501712,0.4799218084982879,0.493421052631579
Rubén Vargas,Switzerland,F,6,7.3500000000000005,350.0,12000000.0,4369000.0,Estimated,6.874202251167567,0.4757977488324334,1.6823071641107807
Rami Rabia,Egypt,D,5,7.1,368.0,600000.0,525000.0,Estimated,6.626283706662148,0.47371629333785137,13.523809523809522
Riyad Mahrez,Algeria,F,4,7.275,263.0,5000000.0,2353000.0,Estimated,6.801795197777828,0.4732048022221722,3.0917977050573735
Takehiro Tomiyasu,Japan,D,3,7.266666666666667,184.0,5000000.0,2353000.0,Estimated,6.801795197777828,0.46487146888883846,3.0882561269301596
Pedro Porro,Spain,D,4,7.425,360.0,35000000.0,9312000.0,Estimated,6.96274726739966,0.46225273260033983,0.7973582474226805
Kevin De Bruyne,Belgium,M,5,7.3,391.0,8000000.0,3280000.0,Estimated,6.840658316003939,0.4593416839960609,2.225609756097561
Pau Cubarsí,Spain,D,6,7.483333333333333,540.0,80000000.0,16705000.0,Estimated,7.031124840162053,0.4522084931712804,0.4479696697595531
Moisés Caicedo,Ecuador,M,4,7.5,360.0,100000000.0,19560000.0,Estimated,7.049585551457625,0.4504144485423751,0.3834355828220859
Maximiliano Araújo,Uruguay,M,3,7.366666666666667,252.0,20000000.0,6269000.0,Estimated,6.9164503380099305,0.45021632865673666,1.17509437975222
Nuno Mendes,Portugal,D,5,7.4799999999999995,397.0,80000000.0,16705000.0,Estimated,7.031124840162053,0.44887515983794657,0.44777012870398086
Raúl Jiménez,Mexico,F,4,7.2,320.0,3000000.0,1639000.0,Estimated,6.7594860222993685,0.4405139777006317,4.392922513727883
Michael Olise,France,M,6,7.516666666666667,476.0,150000000.0,26054000.0,Estimated,7.083128774663649,0.4335378920030175,0.2885033648064277
Jaminton Campaz,Colombia,M,3,7.233333333333333,80.0,5500000.0,2517000.0,Estimated,6.809678523953128,0.4236548093802055,2.8737915507879754
Dayot Upamecano,France,D,6,7.416666666666667,526.0,70000000.0,15200000.0,Estimated,7.020078191501712,0.3965884751649549,0.4879385964912281
Raúl Rangel,Mexico,G,5,7.2,438.0,6500000.0,2832000.0,Estimated,6.82347509340523,0.3765249065947698,2.5423728813559325
Marquinhos,Brazil,D,5,7.32,450.0,28000000.0,7953000.0,Estimated,6.944289354110225,0.3757106458897752,0.9204073934364391
Jhon Arias,Colombia,M,5,7.26,381.0,15000000.0,5115000.0,Estimated,6.89264712722885,0.3673528727711499,1.4193548387096773
Iliman Ndiaye,Senegal,F,3,7.366666666666666,123.0,55000000.0,12818000.0,Estimated,7.000135461222528,0.3665312054441383,0.5747126436781609
Akram Afif,Qatar,F,3,7.2,239.0,8000000.0,3280000.0,Estimated,6.840658316003939,0.35934168399606126,2.1951219512195124
James Rodríguez,Colombia,F,5,7.06,317.0,1500000.0,1004000.0,Estimated,6.702143077025333,0.3578569229746664,7.031872509960159
Aubrey Modiba,South Africa,D,4,7.075,347.0,1800000.0,1142000.0,Estimated,6.7172119037017755,0.3577880962982247,6.195271453590193
Thapelo Maseko,South Africa,F,3,7.0,245.0,750000.0,615000.0,Estimated,6.644796533418647,0.3552034665813526,11.382113821138212
Pape Gueye,Senegal,M,4,7.325,236.0,40000000.0,10234000.0,Estimated,6.973793795714149,0.3512062042858508,0.7157514168458081
Kai Havertz,Germany,F,4,7.35,355.0,55000000.0,12818000.0,Estimated,7.000135461222528,0.3498645387774717,0.5734123888282103
Ørjan Nyland,Norway,G,5,7.0,480.0,800000.0,644000.0,Estimated,6.650187659050073,0.34981234094992697,10.869565217391305
Yahia Fofana,Côte d'Ivoire,G,4,7.15,360.0,5000000.0,2353000.0,Estimated,6.801795197777828,0.3482048022221722,3.0386740331491713
Anthony Elanga,Sweden,F,3,7.3,215.0,32000000.0,8740000.0,Estimated,6.955329956679793,0.3446700433202068,0.8352402745995423
Abdülkerim Bardakcı,Türkiye,D,3,7.166666666666667,266.0,6500000.0,2832000.0,Estimated,6.82347509340523,0.34319157326143657,2.53060263653484
Keito Nakamura,Japan,M,4,7.199999999999999,310.0,10000000.0,3840000.0,Estimated,6.859101518297341,0.34089848170265835,1.8749999999999998
Matías Galarza,Paraguay,M,4,7.1,388.0,3000000.0,1639000.0,Estimated,6.7594860222993685,0.3405139777006312,4.331909701037217
Marwan Attia,Egypt,M,5,7.12,434.0,4000000.0,2009000.0,Estimated,6.783302259497798,0.3366977405022018,3.544051767048283
Matheus Cunha,Brazil,F,5,7.359999999999999,293.0,75000000.0,15960000.0,Estimated,7.025786831321967,0.3342131686780325,0.4611528822055137
Gabriel Magalhães,Brazil,D,5,7.359999999999999,450.0,75000000.0,15960000.0,Estimated,7.025786831321967,0.3342131686780325,0.4611528822055137
Mikel Oyarzabal,Spain,F,6,7.266666666666667,480.0,25000000.0,7340000.0,Estimated,6.934904427064172,0.3317622396024946,0.9900090826521344
Jerome Opoku,Ghana,D,3,7.133333333333333,270.0,5000000.0,2353000.0,Estimated,6.801795197777828,0.3315381355555047,3.031590876894744
Jackson Irvine,Australia,M,4,7.0,229.0,1000000.0,754000.0,Estimated,6.668638431227137,0.3313615687728628,9.283819628647215
Malik Tillman,USA,M,5,7.279999999999999,365.0,30000000.0,8350000.0,Estimated,6.949988886196416,0.3300111138035833,0.8718562874251496
Alisson,Brazil,G,5,7.220000000000001,450.0,15000000.0,5115000.0,Estimated,6.89264712722885,0.32735287277115077,1.4115347018572826
Nathaniel Brown,Germany,D,3,7.3,283.0,40000000.0,10234000.0,Estimated,6.973793795714149,0.32620620428585045,0.7133085792456517
Kang-in Lee,South Korea,F,3,7.266666666666666,270.0,28000000.0,7953000.0,Estimated,6.944289354110225,0.32237731255644064,0.9137013286390878
Leandro Paredes,Argentina,M,5,7.12,314.0,5000000.0,2353000.0,Estimated,6.801795197777828,0.31820480222217196,3.0259243518912027
David Alaba,Austria,D,4,7.075,278.0,3000000.0,1639000.0,Estimated,6.7594860222993685,0.3155139777006317,4.316656497864551
Tim Ream,USA,D,4,6.85,360.0,150000.0,242000.0,Estimated,6.5356687982524395,0.31433120174756013,28.305785123966942
Teboho Mokoena,South Africa,M,3,7.066666666666666,270.0,2800000.0,1561000.0,Estimated,6.753780951793395,0.3128857148732713,4.527012598761478
Deroy Duarte,Cabo Verde,M,4,7.025,264.0,1800000.0,1142000.0,Estimated,6.7172119037017755,0.3077880962982249,6.1514886164623475
Davinson Sánchez,Colombia,D,5,7.2,480.0,16000000.0,5354000.0,Estimated,6.8979902914842555,0.3020097085157447,1.3447889428464699
Bart Verbruggen,Netherlands,G,4,7.275,390.0,40000000.0,10234000.0,Estimated,6.973793795714149,0.301206204285851,0.7108657416454954
Yasser Ibrahim,Egypt,D,5,6.859999999999999,466.0,275000.0,303000.0,Estimated,6.561970700761591,0.2980292992384088,22.64026402640264
Livano Comenencia,Curaçao,M,3,6.8999999999999995,235.0,500000.0,462000.0,Estimated,6.611326702778651,0.28867329722134816,14.935064935064933
Zion Suzuki,Japan,G,4,7.2,360.0,20000000.0,6269000.0,Estimated,6.9164503380099305,0.2835496619900697,1.1485085340564682
Mohamed Kanno,Saudi Arabia,M,3,6.933333333333334,225.0,800000.0,644000.0,Estimated,6.650187659050073,0.28314567428326054,10.766045548654244
Pedri,Spain,M,5,7.359999999999999,394.0,150000000.0,26054000.0,Estimated,7.083128774663649,0.27687122533635034,0.28249021263529595
Cristian Romero,Argentina,D,5,7.26,466.0,45000000.0,11122000.0,Estimated,6.983529646146559,0.27647035385344054,0.6527602949109872
Brian Brobbey,Netherlands,F,4,7.2250000000000005,232.0,30000000.0,8350000.0,Estimated,6.949988886196416,0.27501111380358445,0.8652694610778444
Rodrigo De Paul,Argentina,M,5,7.159999999999999,442.0,14000000.0,4872000.0,Estimated,6.886952211402135,0.2730477885978644,1.469622331691297
Fabián Ruiz,Spain,M,5,7.220000000000001,225.0,30000000.0,8350000.0,Estimated,6.949988886196416,0.27001111380358456,0.8646706586826348
Yoel Bárcenas,Panama,M,3,6.8999999999999995,250.0,650000.0,556000.0,Estimated,6.6329962244983305,0.267003775501669,12.410071942446042
Ivan Perišić,Croatia,M,4,6.95,360.0,1200000.0,858000.0,Estimated,6.683756708612087,0.26624329138791314,8.100233100233101
Alex Baena,Spain,F,5,7.24,348.0,40000000.0,10234000.0,Estimated,6.973793795714149,0.26620620428585084,0.7074457690052766
Johny Placide,Haiti,G,3,6.8,270.0,150000.0,242000.0,Estimated,6.5356687982524395,0.2643312017475603,28.09917355371901
Gustavo Puerta,Colombia,M,5,7.12,470.0,10000000.0,3840000.0,Estimated,6.859101518297341,0.26089848170265917,1.8541666666666667
Sebastian Berhalter,USA,M,5,7.1,195.0,8000000.0,3280000.0,Estimated,6.840658316003939,0.2593416839960607,2.1646341463414633
Nicolas Pépé,Côte d'Ivoire,F,4,7.075,244.0,6000000.0,2676000.0,Estimated,6.81684564811979,0.2581543518802105,2.6438714499252614
Elliot Anderson,England,M,6,7.283333333333334,533.0,75000000.0,15960000.0,Estimated,7.025786831321967,0.2575465020113672,0.4563492063492064
Mohamed Salah,Egypt,M,5,7.18,428.0,22000000.0,6706000.0,Estimated,6.924334739374407,0.2556652606255927,1.070682970474202
Andrés Andrade,Panama,D,3,7.0,270.0,2500000.0,1441000.0,Estimated,6.744421888324352,0.25557811167564815,4.857737682165163
Luka Modrić,Croatia,M,4,7.025,319.0,3500000.0,1828000.0,Estimated,6.772255380942992,0.2527446190570082,3.8429978118161925
Sidny Lopes Cabral,Cabo Verde,D,3,7.033333333333334,286.0,4000000.0,2009000.0,Estimated,6.783302259497798,0.2500310738355358,3.50091256014601
Rúben Dias,Portugal,D,4,7.25,360.0,55000000.0,12818000.0,Estimated,7.000135461222528,0.24986453877747206,0.5656108597285068
Kevin Lenini,Cabo Verde,M,4,7.05,351.0,5000000.0,2353000.0,Estimated,6.801795197777828,0.24820480222217167,2.996175095622609
Ayase Ueda,Japan,F,4,7.15,324.0,17000000.0,5589000.0,Estimated,6.9030163622227505,0.24698363777724985,1.2792986222937914
Manuel Akanji,Switzerland,D,6,7.1499999999999995,600.0,17000000.0,5589000.0,Estimated,6.9030163622227505,0.24698363777724897,1.2792986222937912
Renato Veiga,Portugal,D,5,7.18,450.0,25000000.0,7340000.0,Estimated,6.934904427064172,0.24509557293582773,0.9782016348773842
Nicolas Raskin,Belgium,M,6,7.116666666666667,336.0,12000000.0,4369000.0,Estimated,6.874202251167567,0.24246441549910003,1.6289005874723432
Azzedine Ounahi,Morocco,M,6,7.1000000000000005,437.0,10000000.0,3840000.0,Estimated,6.859101518297341,0.2408984817026596,1.8489583333333335
Camilo Vargas,Colombia,G,5,6.840000000000001,480.0,450000.0,429000.0,Estimated,6.602655780513134,0.23734421948686713,15.944055944055947
Abdulelah Al-Amri,Saudi Arabia,D,3,6.933333333333334,240.0,1400000.0,956000.0,Estimated,6.69641112733215,0.23692220600118397,7.252440725244073
Daniel Muñoz,Colombia,D,5,7.159999999999999,399.0,22000000.0,6706000.0,Estimated,6.924334739374407,0.23566526062559223,1.0677005666567252
José Canale,Paraguay,D,3,6.966666666666666,164.0,2200000.0,1317000.0,Estimated,6.733893772160827,0.23277289450583893,5.289800050620096
Lionel Mpasi Nzau,DR Congo,G,4,6.825,360.0,400000.0,394000.0,Estimated,6.59269804489597,0.23230195510403018,17.32233502538071
Ermin Mahmić,Bosnia & Herzegovina,M,3,7.033333333333334,72.0,5000000.0,2353000.0,Estimated,6.801795197777828,0.23153813555550595,2.9890919393681825
Harry Souttar,Australia,D,4,7.0,390.0,3500000.0,1828000.0,Estimated,6.772255380942992,0.22774461905700782,3.8293216630196936
Andrés Cubas,Paraguay,M,5,7.0200000000000005,480.0,4500000.0,2184000.0,Estimated,6.793074539525683,0.22692546047431783,3.2142857142857144
Kaishu Sano,Japan,M,3,7.2,270.0,40000000.0,10234000.0,Estimated,6.973793795714149,0.2262062042858508,0.7035372288450265
Nicolás de la Cruz,Uruguay,M,3,7.066666666666666,84.0,8000000.0,3280000.0,Estimated,6.840658316003939,0.2260083506627275,2.154471544715447
Unai Simón,Spain,G,6,7.1499999999999995,540.0,22000000.0,6706000.0,Estimated,6.924334739374407,0.22566526062559245,1.0662093647479867
Martin Baturina,Croatia,F,4,7.175000000000001,324.0,30000000.0,8350000.0,Estimated,6.949988886196416,0.22501111380358463,0.8592814371257487
Vitinha,Portugal,M,5,7.3,381.0,140000000.0,24813000.0,Estimated,7.07741856304473,0.2225814369552701,0.2942006206424052
Emam Ashour,Egypt,M,5,7.0,366.0,4000000.0,2009000.0,Estimated,6.783302259497798,0.2166977405022017,3.4843205574912894
Ali Olwan,Jordan,F,3,6.866666666666667,268.0,800000.0,644000.0,Estimated,6.650187659050073,0.2164790076165941,10.662525879917185
Paul Okon-Engstler,Australia,M,4,6.9,204.0,1200000.0,858000.0,Estimated,6.683756708612087,0.21624329138791332,8.041958041958042
Saeid Ezatolahi,Iran,M,3,6.933333333333334,265.0,1800000.0,1142000.0,Estimated,6.7172119037017755,0.21612142963155812,6.071220081727963
Jhon Lucumí,Colombia,D,5,7.140000000000001,479.0,22000000.0,6706000.0,Estimated,6.924334739374407,0.21566526062559355,1.0647181628392484
John Yeboah,Ecuador,M,4,7.025,315.0,5500000.0,2517000.0,Estimated,6.809678523953128,0.21532147604687246,2.7910210568136673
César Montes,Mexico,D,4,7.05,315.0,7500000.0,3134000.0,Estimated,6.835330744535364,0.2146692554646359,2.249521378430121
Ryan Mendes,Cabo Verde,M,4,6.75,331.0,200000.0,242000.0,Estimated,6.5356687982524395,0.21433120174756048,27.892561983471076
Marc Guéhi,England,D,6,7.233333333333333,490.0,70000000.0,15200000.0,Reported,7.020078191501712,0.2132551418316213,0.4758771929824562
Yasin Ayari,Sweden,M,4,7.175,341.0,35000000.0,9312000.0,Estimated,6.96274726739966,0.21225273260033983,0.7705111683848798
Charles De Ketelaere,Belgium,F,5,7.159999999999999,353.0,30000000.0,8350000.0,Estimated,6.949988886196416,0.21001111380358317,0.8574850299401197
Mauricio,Paraguay,M,4,7.1,172.0,15000000.0,5115000.0,Estimated,6.89264712722885,0.20735287277114978,1.3880742913000976
Israel Reyes,Mexico,D,4,7.025,200.0,6500000.0,2832000.0,Estimated,6.82347509340523,0.20152490659476996,2.480579096045198
Johan Vásquez,Mexico,D,4,7.075,360.0,12000000.0,4369000.0,Estimated,6.874202251167567,0.20079774883243307,1.6193636987869078
Enzo Fernández,Argentina,M,5,7.24,495.0,90000000.0,18156000.0,Estimated,7.040870447597404,0.19912955240259578,0.39876624807226263
Issa Laye,Qatar,M,3,6.733333333333333,270.0,200000.0,242000.0,Estimated,6.5356687982524395,0.19766453508089388,27.823691460055098
Gideon Mensah,Ghana,D,4,6.975,360.0,4000000.0,2009000.0,Estimated,6.783302259497798,0.19169774050220134,3.471876555500249
Aiden O'Neill,Australia,M,4,6.95,360.0,3000000.0,1639000.0,Estimated,6.7594860222993685,0.19051397770063172,4.24039048200122
Yoane Wissa,DR Congo,F,4,7.125,360.0,25000000.0,7340000.0,Estimated,6.934904427064172,0.19009557293582802,0.970708446866485
Jack Hendry,Scotland,D,3,6.933333333333333,270.0,2500000.0,1441000.0,Estimated,6.744421888324352,0.18891144500898083,4.811473513763589
Kenan Yıldız,Türkiye,F,3,7.1000000000000005,219.0,75000000.0,6000000.0,Reported,6.911318852850328,0.18868114714967277,1.1833333333333333
Ismael Saibari,Morocco,F,5,7.159999999999999,385.0,40000000.0,10234000.0,Estimated,6.973793795714149,0.18620620428584989,0.6996286886847761
Edson Álvarez,Mexico,M,4,7.075,239.0,15000000.0,5115000.0,Estimated,6.89264712722885,0.1823528727711503,1.3831867057673508
Moussa Niakhaté,Senegal,D,4,7.074999999999999,390.0,15000000.0,5115000.0,Estimated,6.89264712722885,0.18235287277114942,1.3831867057673508
Bradley Barcola,France,F,5,7.2,269.0,70000000.0,15200000.0,Estimated,7.020078191501712,0.1799218084982881,0.4736842105263158
Alistair Johnston,Canada,D,5,7.0200000000000005,450.0,8000000.0,3280000.0,Estimated,6.840658316003939,0.17934168399606154,2.1402439024390247
Timothy Castagne,Belgium,D,6,7.016666666666667,478.0,8000000.0,3280000.0,Estimated,6.840658316003939,0.1760083506627277,2.1392276422764227
Marc Cucurella,Spain,D,6,7.166666666666667,540.0,50000000.0,11982000.0,Estimated,6.992244143327939,0.17442252333872776,0.5981194013242086
Thomas Partey,Ghana,M,3,6.8999999999999995,270.0,2000000.0,1231000.0,Estimated,6.72599254799726,0.1740074520027397,5.6051990251827775
Rayan,Brazil,F,4,7.175,289.0,60000000.0,13631000.0,Estimated,7.007330754242836,0.16766924575716402,0.5263737069914166
Manuel Neuer,Germany,G,4,6.95,390.0,4000000.0,2009000.0,Estimated,6.783302259497798,0.16669774050220187,3.4594325535092088
Soufiane Rahimi,Morocco,F,6,6.983333333333333,237.0,6000000.0,2676000.0,Estimated,6.81684564811979,0.16648768521354373,2.6096163428001993
Marvin Senaya,Ghana,D,4,6.925,280.0,3000000.0,1639000.0,Estimated,6.7594860222993685,0.16551397770063137,4.225137278828554
Pedro Miguel,Qatar,D,3,6.7,270.0,150000.0,242000.0,Estimated,6.5356687982524395,0.16433120174756066,27.685950413223143
Frenkie de Jong,Netherlands,M,4,7.125,331.0,35000000.0,9312000.0,Estimated,6.96274726739966,0.16225273260034,0.7651417525773196
Cristiano Ronaldo,Portugal,F,5,7.0200000000000005,441.0,10000000.0,3840000.0,Estimated,6.859101518297341,0.16089848170265952,1.8281250000000002
Orlando Mosquera,Panama,G,3,6.8,270.0,700000.0,586000.0,Estimated,6.639144954758645,0.1608550452413544,11.604095563139932
Noussair Mazraoui,Morocco,D,6,7.066666666666666,486.0,18000000.0,5819000.0,Estimated,6.9077349010858216,0.15893176558084487,1.214412556567566
Lucas Digne,France,D,4,6.975,348.0,6000000.0,2676000.0,Estimated,6.81684564811979,0.15815435188021,2.606502242152466
Kim Seung-gyu,South Korea,G,3,6.766666666666667,270.0,500000.0,462000.0,Estimated,6.611326702778651,0.1553399638880153,14.646464646464645
Erik Lira,Mexico,M,4,7.025,346.0,12000000.0,4369000.0,Estimated,6.874202251167567,0.15079774883243324,1.6079194323643855
Jonas Adjei Adjetey,Ghana,D,3,6.966666666666666,225.0,6000000.0,2676000.0,Estimated,6.81684564811979,0.14982101854687624,2.603388141504733
Mikel Merino,Spain,M,6,7.083333333333333,156.0,25000000.0,7340000.0,Estimated,6.934904427064172,0.14842890626916105,0.9650317892824705
Ali Nemati,Iran,D,3,6.766666666666667,270.0,550000.0,494000.0,Estimated,6.619162527672568,0.14750413899409853,13.697705802968962
Christ Inao Oulaï,Côte d'Ivoire,M,4,7.075,208.0,23000000.0,6920000.0,Estimated,6.928010197324066,0.1469898026759342,1.022398843930636
Lamine Yamal,Spain,F,6,7.2,395.0,200000000.0,20830000.0,Reported,7.05694598533168,0.14305401466832013,0.3456553048487758
Nico Elvedi,Switzerland,D,6,6.983333333333333,600.0,8000000.0,3280000.0,Estimated,6.840658316003939,0.14267501732939447,2.129065040650407
Khuliso Mudau,South Africa,D,4,6.825,360.0,1200000.0,858000.0,Estimated,6.683756708612087,0.14124329138791314,7.954545454545455
Mohanad Lasheen,Egypt,M,4,6.9,359.0,3000000.0,1639000.0,Estimated,6.7594860222993685,0.1405139777006319,4.2098840756558875
Luis Romo,Mexico,M,4,6.9,268.0,3000000.0,1639000.0,Estimated,6.7594860222993685,0.1405139777006319,4.2098840756558875
Ricardo Rodríguez,Switzerland,D,6,6.833333333333333,550.0,1400000.0,956000.0,Estimated,6.69641112733215,0.13692220600118343,7.147838214783821
Nikola Katić,Bosnia & Herzegovina,D,4,6.85,318.0,1800000.0,1142000.0,Estimated,6.7172119037017755,0.1327880962982242,5.998248686514886
Adrien Rabiot,France,M,5,7.040000000000001,450.0,18000000.0,5819000.0,Estimated,6.9077349010858216,0.13226509891417937,1.2098298676748585
Nabil Bentaleb,Algeria,M,4,6.925000000000001,288.0,4500000.0,2184000.0,Estimated,6.793074539525683,0.13192546047431808,3.170787545787546
Ahmed Fatouh,Egypt,D,3,6.8,268.0,1000000.0,754000.0,Estimated,6.668638431227137,0.13136156877286265,9.018567639257293
Nicolás Otamendi,Argentina,D,3,6.8,133.0,1000000.0,754000.0,Estimated,6.668638431227137,0.13136156877286265,9.018567639257293
Dan Ndoye,Switzerland,F,6,7.083333333333333,442.0,32000000.0,8740000.0,Estimated,6.955329956679793,0.12800337665354,0.8104500381388253
Mbekezeli Mbokazi,South Africa,D,4,6.9,360.0,3500000.0,1828000.0,Estimated,6.772255380942992,0.12774461905700818,3.774617067833698
Gustavo Velázquez,Paraguay,D,5,6.720000000000001,244.0,400000.0,394000.0,Estimated,6.59269804489597,0.12730195510403064,17.055837563451778
Antonee Robinson,USA,D,4,7.05,349.0,22000000.0,6706000.0,Estimated,6.924334739374407,0.1256652606255928,1.0512973456606023
Facundo Medina,Argentina,D,3,7.033333333333334,258.0,18000000.0,5819000.0,Estimated,6.9077349010858216,0.12559843224751255,1.2086841954516814
Jamal Musiala,Germany,M,4,7.175,271.0,100000000.0,19560000.0,Estimated,7.049585551457625,0.12541444854237493,0.36682004089979553
Douglas Santos,Brazil,D,5,6.959999999999999,442.0,7500000.0,3134000.0,Estimated,6.835330744535364,0.12466925546463514,2.220804084237396
Marko Arnautović,Austria,F,4,6.85,142.0,2000000.0,1231000.0,Estimated,6.72599254799726,0.12400745200273988,5.564581640942323
Arthur Masuaku,DR Congo,D,4,6.85,318.0,2000000.0,1231000.0,Estimated,6.72599254799726,0.12400745200273988,5.564581640942323
Ali Ahmed,Canada,M,4,6.925,236.0,5000000.0,2353000.0,Estimated,6.801795197777828,0.12320480222217167,2.9430514237144068
Hélio Varela,Cabo Verde,F,3,6.866666666666667,101.0,2500000.0,1441000.0,Estimated,6.744421888324352,0.12224477834231529,4.765209345362018
Lucas Paquetá,Brazil,M,4,7.075,236.0,32000000.0,8740000.0,Estimated,6.955329956679793,0.11967004332020714,0.8094965675057209
Daizen Maeda,Japan,F,3,7.0,245.0,13000000.0,4623000.0,Estimated,6.88081410625781,0.11918589374219035,1.5141682889898334
Juan Cáceres,Paraguay,D,5,6.92,439.0,5000000.0,2353000.0,Estimated,6.801795197777828,0.11820480222217178,2.940926476838079
Odeh Fakhoury,Jordan,F,3,6.7,148.0,350000.0,359000.0,Estimated,6.581813344519289,0.11818665548071117,18.662952646239557
Giovanni Reyna,USA,M,3,6.8999999999999995,129.0,4000000.0,2009000.0,Estimated,6.783302259497798,0.11669774050220116,3.4345445495271276
Pathé Ismaël Ciss,Senegal,M,4,6.825,191.0,1800000.0,1142000.0,Estimated,6.7172119037017755,0.10778809629822472,5.976357267950964
Hannibal Mejbri,Tunisia,M,3,7.0,270.0,15000000.0,5115000.0,Estimated,6.89264712722885,0.10735287277115013,1.3685239491691104
Mathías Olivera,Uruguay,D,3,7.0,270.0,15000000.0,5115000.0,Estimated,6.89264712722885,0.10735287277115013,1.3685239491691104
Aaron Wan-Bissaka,DR Congo,D,4,7.0,355.0,15000000.0,5115000.0,Estimated,6.89264712722885,0.10735287277115013,1.3685239491691104
Amir Murillo,Panama,M,3,6.933333333333334,270.0,7000000.0,2984000.0,Estimated,6.829592233919241,0.10374109941409237,2.323503127792672
Romelu Lukaku,Belgium,F,5,6.92,206.0,6000000.0,2676000.0,Estimated,6.81684564811979,0.10315435188021027,2.5859491778774286
Mostafa Ziko,Egypt,M,5,6.82,375.0,1800000.0,1142000.0,Estimated,6.7172119037017755,0.10278809629822483,5.971978984238179
Mike Maignan,France,G,6,7.016666666666667,540.0,20000000.0,6269000.0,Estimated,6.9164503380099305,0.10021632865673613,1.1192641037911415
Bruno Guimarães,Brazil,M,5,7.12,419.0,70000000.0,15200000.0,Estimated,7.020078191501712,0.09992180849828802,0.46842105263157896
Issa Diop,Morocco,D,5,6.94,477.0,8000000.0,3280000.0,Estimated,6.840658316003939,0.09934168399606147,2.1158536585365857
Connor Metcalfe,Australia,M,4,6.8,315.0,1500000.0,1004000.0,Estimated,6.702143077025333,0.09785692297466664,6.772908366533865
Ruben Providence,Haiti,M,3,6.666666666666667,223.0,300000.0,322000.0,Estimated,6.569086730951119,0.09757993571554824,20.70393374741201
Brandon Mechele,Belgium,D,6,6.8500000000000005,570.0,2800000.0,1561000.0,Estimated,6.753780951793395,0.09621904820660543,4.3882126841768105
Michal Sadílek,Czechia,M,3,6.933333333333333,183.0,8000000.0,3280000.0,Estimated,6.840658316003939,0.09267501732939376,2.113821138211382
Gabriel Martinelli,Brazil,F,4,7.075,141.0,45000000.0,11122000.0,Estimated,6.983529646146559,0.09147035385344093,0.6361265959359828
Samuel Moutoussamy,DR Congo,M,4,6.775,333.0,1200000.0,858000.0,Estimated,6.683756708612087,0.09124329138791332,7.896270396270396
Mohammad Mohebi,Iran,M,3,6.833333333333333,245.0,2500000.0,1441000.0,Estimated,6.744421888324352,0.08891144500898118,4.7420772611612305
Sadio Mané,Senegal,M,4,6.9,364.0,6000000.0,2676000.0,Estimated,6.81684564811979,0.0831543518802107,2.57847533632287
Finn Surman,New Zealand,D,3,6.8,270.0,1800000.0,1142000.0,Estimated,6.7172119037017755,0.08278809629822437,5.954465849387041
Leandro Bacuna,Curaçao,M,3,6.633333333333333,270.0,250000.0,283000.0,Estimated,6.553980982763244,0.0793523505700886,23.439340400471142
Aziz Behich,Australia,D,3,6.633333333333333,223.0,250000.0,283000.0,Estimated,6.553980982763244,0.0793523505700886,23.439340400471142
Dani Olmo,Spain,M,6,7.083333333333333,346.0,60000000.0,13631000.0,Estimated,7.007330754242836,0.07600257909049724,0.5196488396547086
Mousa Tamari,Jordan,F,3,6.933333333333334,217.0,10000000.0,3840000.0,Estimated,6.859101518297341,0.07423181503599263,1.8055555555555556
Chancel Mbemba,DR Congo,D,4,6.8,360.0,2000000.0,1231000.0,Estimated,6.72599254799726,0.07400745200274006,5.523964256701868
Ime Okon,South Africa,D,4,6.8,360.0,2000000.0,1231000.0,Estimated,6.72599254799726,0.07400745200274006,5.523964256701868
Yassine Bounou,Morocco,G,6,6.833333333333333,570.0,3000000.0,1639000.0,Estimated,6.7594860222993685,0.07384731103396458,4.169208867195445
Marko Stamenić,New Zealand,M,3,6.833333333333333,269.0,3000000.0,1639000.0,Estimated,6.7594860222993685,0.07384731103396458,4.169208867195445
Denzel Dumfries,Netherlands,D,4,7.0,390.0,25000000.0,7340000.0,Estimated,6.934904427064172,0.06509557293582802,0.9536784741144414
João Neves,Portugal,M,5,7.140000000000001,391.0,140000000.0,24813000.0,Estimated,7.07741856304473,0.06258143695527085,0.28775238786120183
Alexandr Sojka,Czechia,M,3,6.8,149.0,2300000.0,1359000.0,Estimated,6.737566842156964,0.062433157843035936,5.003679175864606
João Cancelo,Portugal,D,5,6.9,314.0,8000000.0,3280000.0,Estimated,6.840658316003939,0.059341683996061434,2.103658536585366
Brian Gutiérrez,Mexico,M,4,6.9,198.0,8000000.0,3280000.0,Estimated,6.840658316003939,0.059341683996061434,2.103658536585366
Marcel Sabitzer,Austria,M,4,6.875,360.0,6000000.0,2676000.0,Estimated,6.81684564811979,0.05815435188021034,2.569133034379671
Antonio Rüdiger,Germany,D,4,6.875,262.0,6000000.0,2676000.0,Estimated,6.81684564811979,0.05815435188021034,2.569133034379671
Felix Nmecha,Germany,M,4,7.050000000000001,272.0,50000000.0,11982000.0,Estimated,6.992244143327939,0.05775585667206151,0.5883825738607913
Nuno Da Costa,Cabo Verde,F,4,6.65,157.0,400000.0,394000.0,Estimated,6.59269804489597,0.057301955104030355,16.878172588832488
Nicolás González,Argentina,F,4,6.725,140.0,1000000.0,754000.0,Estimated,6.668638431227137,0.05636156877286247,8.919098143236074
Ao Tanaka,Japan,M,3,6.933333333333334,192.0,13000000.0,4623000.0,Estimated,6.88081410625781,0.05251922707552392,1.4997476386185016
Petar Sučić,Croatia,F,4,7.025,288.0,40000000.0,10234000.0,Estimated,6.973793795714149,0.05120620428585099,0.686437365643932
Shahriar Moghanlou,Iran,F,3,6.7,87.0,800000.0,644000.0,Estimated,6.650187659050073,0.04981234094992715,10.403726708074535
Joris Kayembe,DR Congo,D,4,6.775,58.0,2000000.0,1231000.0,Estimated,6.72599254799726,0.04900745200274059,5.503655564581641
Noni Madueke,England,M,5,7.040000000000001,325.0,50000000.0,11982000.0,Estimated,6.992244143327939,0.047755856672061725,0.5875479886496412
Patrick Berg,Norway,M,6,6.883333333333333,444.0,8000000.0,3280000.0,Estimated,6.840658316003939,0.04267501732939394,2.0985772357723578
Danley Jean Jacques,Haiti,M,3,6.8,260.0,3000000.0,1639000.0,Estimated,6.7594860222993685,0.040513977700631365,4.148871262965223
Ghislain Konan,Côte d'Ivoire,D,3,6.8,269.0,3000000.0,1639000.0,Estimated,6.7594860222993685,0.040513977700631365,4.148871262965223
Nasser Al-Dawsari,Saudi Arabia,M,3,6.7,206.0,900000.0,700000.0,Estimated,6.659943633049531,0.04005636695046899,9.571428571428573
Habib Diarra,Senegal,M,3,7.0,144.0,35000000.0,9312000.0,Estimated,6.96274726739966,0.03725273260034001,0.7517182130584192
Achraf Hakimi,Morocco,D,6,7.066666666666666,570.0,80000000.0,16705000.0,Estimated,7.031124840162053,0.03554182650461346,0.4230270378130301
Emmanuel Agbadou,Côte d'Ivoire,D,3,6.933333333333334,270.0,16000000.0,5354000.0,Estimated,6.8979902914842555,0.035343041849078105,1.2949819449632674
Hamdy Fathy,Egypt,D,4,6.75,241.0,1800000.0,1142000.0,Estimated,6.7172119037017755,0.032788096298224545,5.910683012259195
Kristoffer Ajer,Norway,D,5,6.94,480.0,18000000.0,5819000.0,Estimated,6.9077349010858216,0.032265098914178836,1.192644784327204
Luc De Fougerolles,Canada,D,5,6.7,372.0,1000000.0,754000.0,Estimated,6.668638431227137,0.031361568772863,8.885941644562335
Ricardo Adé,Haiti,D,3,6.6000000000000005,270.0,300000.0,322000.0,Estimated,6.569086730951119,0.03091326904888181,20.49689440993789
Houssem Aouar,Algeria,M,3,6.866666666666667,173.0,8000000.0,3280000.0,Estimated,6.840658316003939,0.02600835066272822,2.09349593495935
Julio Enciso,Paraguay,F,5,6.959999999999999,387.0,25000000.0,7340000.0,Estimated,6.934904427064172,0.025095572935827093,0.9482288828337874
Remo Freuler,Switzerland,M,6,6.783333333333334,599.0,3000000.0,1639000.0,Estimated,6.7594860222993685,0.023847311033965646,4.138702460850112
Noor Al-Rawabdeh,Jordan,M,3,6.633333333333333,270.0,500000.0,462000.0,Estimated,6.611326702778651,0.02200663055468155,14.357864357864356
Nilson Angulo,Ecuador,F,4,6.925,218.0,17000000.0,5589000.0,Estimated,6.9030163622227505,0.02198363777724932,1.2390409733404901
Mahmoud Al-Mardi,Jordan,F,3,6.6000000000000005,130.0,350000.0,359000.0,Estimated,6.581813344519289,0.018186655480711522,18.38440111420613
Rodrigo Bentancur,Uruguay,M,3,6.933333333333334,270.0,20000000.0,6269000.0,Estimated,6.9164503380099305,0.016882995323403094,1.1059711809432657
Hans Vanaken,Belgium,M,6,6.816666666666666,354.0,5000000.0,2353000.0,Estimated,6.801795197777828,0.01487146888883828,2.8970109080606314
Mohannad Abu Taha,Jordan,M,3,6.633333333333333,265.0,550000.0,494000.0,Estimated,6.619162527672568,0.014170805660764785,13.427800269905532
Alexis Mac Allister,Argentina,M,6,7.033333333333334,509.0,70000000.0,15200000.0,Estimated,7.020078191501712,0.01325514183162202,0.4627192982456141
Krépin Diatta,Senegal,D,4,6.825,390.0,6000000.0,2676000.0,Estimated,6.81684564811979,0.00815435188021052,2.5504484304932733
Nathanaël Mbuku,DR Congo,F,3,6.733333333333333,144.0,2000000.0,1231000.0,Estimated,6.72599254799726,0.00734078533607363,5.469807744381262
Relebohile Mofokeng,South Africa,F,3,6.766666666666667,170.0,3000000.0,1639000.0,Estimated,6.7594860222993685,0.00718064436729815,4.128533658735001
Chris Richards,USA,D,4,6.95,360.0,28000000.0,7953000.0,Estimated,6.944289354110225,0.005710645889775101,0.8738840689048157
Cyle Larin,Canada,F,4,6.75,189.0,2500000.0,1441000.0,Estimated,6.744421888324352,0.005578111675648145,4.684247050659264
Folarin Balogun,USA,F,4,6.975,314.0,40000000.0,10234000.0,Estimated,6.973793795714149,0.0012062042858502764,0.6815516904436193
Ibrahim Mbaye,Senegal,F,4,6.95,155.0,30000000.0,8350000.0,Estimated,6.949988886196416,1.1113803584095194e-05,0.8323353293413174
Andreas Schjelderup,Norway,F,6,6.95,250.0,30000000.0,8350000.0,Estimated,6.949988886196416,1.1113803584095194e-05,0.8323353293413174
Thomas Meunier,Belgium,D,3,6.7,190.0,1500000.0,1004000.0,Estimated,6.702143077025333,-0.0021430770253330067,6.673306772908367
Agustín Canobbio,Uruguay,F,3,6.833333333333333,225.0,8000000.0,3280000.0,Estimated,6.840658316003939,-0.007324982670605884,2.0833333333333335
Dominik Livaković,Croatia,G,4,6.775,360.0,4000000.0,2009000.0,Estimated,6.783302259497798,-0.008302259497797948,3.3723245395719266
Michel Aebischer,Switzerland,M,4,6.775,162.0,4000000.0,2009000.0,Estimated,6.783302259497798,-0.008302259497797948,3.3723245395719266
Mateo Kovačić,Croatia,M,4,6.85,271.0,10000000.0,3840000.0,Estimated,6.859101518297341,-0.009101518297341293,1.7838541666666667
Junya Ito,Japan,F,4,6.75,215.0,3000000.0,1639000.0,Estimated,6.7594860222993685,-0.009486022299368457,4.11836485661989
Abdul Fatawu Issahaku,Ghana,F,4,6.75,129.0,3000000.0,1639000.0,Estimated,6.7594860222993685,-0.009486022299368457,4.11836485661989
William Saliba,France,D,5,7.040000000000001,450.0,100000000.0,19560000.0,Estimated,7.049585551457625,-0.009585551457623964,0.359918200408998
Weston McKennie,USA,M,5,6.94,444.0,30000000.0,8350000.0,Estimated,6.949988886196416,-0.009988886196415692,0.8311377245508983
Shogo Taniguchi,Japan,D,3,6.633333333333333,231.0,750000.0,615000.0,Estimated,6.644796533418647,-0.01146320008531454,10.78590785907859
Gustavo Gómez,Paraguay,D,5,6.76,480.0,3500000.0,1828000.0,Estimated,6.772255380942992,-0.012255380942992389,3.698030634573304
Thiago Almada,Argentina,M,5,6.88,243.0,15000000.0,5115000.0,Estimated,6.89264712722885,-0.012647127228849975,1.3450635386119256
Guéla Doué,Côte d'Ivoire,D,4,6.9,277.0,20000000.0,6269000.0,Estimated,6.9164503380099305,-0.01645033800993012,1.1006540118041155
Cristian Martínez,Panama,F,3,6.633333333333333,243.0,800000.0,644000.0,Estimated,6.650187659050073,-0.01685432571674017,10.300207039337472
Saman Ghoddos,Iran,M,3,6.666666666666667,211.0,1200000.0,858000.0,Estimated,6.683756708612087,-0.017090041945420076,7.77000777000777
Cédric Itten,Switzerland,F,3,6.7,54.0,1800000.0,1142000.0,Estimated,6.7172119037017755,-0.017211903701775277,5.866900175131349
Jordan Ayew,Ghana,F,4,6.65,304.0,1000000.0,754000.0,Estimated,6.668638431227137,-0.01863843122713682,8.819628647214854
Aïssa Mandi,Algeria,D,4,6.65,360.0,1000000.0,754000.0,Estimated,6.668638431227137,-0.01863843122713682,8.819628647214854
Jonathan Tah,Germany,D,4,6.925,373.0,28000000.0,7953000.0,Estimated,6.944289354110225,-0.019289354110225254,0.8707406010310574
Ahmed Fathi,Qatar,M,3,6.533333333333334,151.0,250000.0,283000.0,Estimated,6.553980982763244,-0.020647649429910153,23.085983510011783
Evidence Makgopa,South Africa,F,4,6.675,214.0,1400000.0,956000.0,Estimated,6.69641112733215,-0.021411127332149782,6.9822175732217575
Ladislav Krejčí,Czechia,D,3,6.8999999999999995,270.0,22000000.0,6706000.0,Estimated,6.924334739374407,-0.024334739374407555,1.0289293170295257
Gonzalo Plata,Ecuador,F,4,6.825,360.0,9000000.0,3565000.0,Estimated,6.850407155401317,-0.025407155401317105,1.9144460028050492
Han-Beom Lee,South Korea,D,3,6.733333333333333,270.0,3000000.0,1639000.0,Estimated,6.7594860222993685,-0.026152688966035065,4.10819605450478
Mory Diaw,Senegal,G,3,6.633333333333333,237.0,900000.0,700000.0,Estimated,6.659943633049531,-0.026610299716198327,9.476190476190476
Mahmoud Trézéguet,Egypt,F,4,6.675,161.0,1500000.0,1004000.0,Estimated,6.702143077025333,-0.027143077025333362,6.648406374501992
Ramy Bensebaini,Algeria,D,4,6.8,360.0,7000000.0,2984000.0,Estimated,6.829592233919241,-0.029592233919241373,2.2788203753351204
Jaouen Hadjam,Algeria,D,3,6.8,116.0,7000000.0,2984000.0,Estimated,6.829592233919241,-0.029592233919241373,2.2788203753351204
Zeki Amdouni,Switzerland,F,3,6.8,42.0,7000000.0,2984000.0,Estimated,6.829592233919241,-0.029592233919241373,2.2788203753351204
Jesús Gallardo,Mexico,D,5,6.720000000000001,372.0,2800000.0,1561000.0,Estimated,6.753780951793395,-0.033780951793394465,4.30493273542601
Arthur Theate,Belgium,D,3,6.866666666666667,227.0,17000000.0,5589000.0,Estimated,6.9030163622227505,-0.03634969555608336,1.228603805093338
Jefferson Lerma,Colombia,M,5,6.779999999999999,412.0,6000000.0,2676000.0,Estimated,6.81684564811979,-0.0368456481197903,2.5336322869955152
Luis Díaz,Colombia,F,5,6.9799999999999995,478.0,70000000.0,15200000.0,Estimated,7.020078191501712,-0.040078191501712546,0.45921052631578946
Nestory Irankunda,Australia,M,4,6.8,264.0,8000000.0,3280000.0,Estimated,6.840658316003939,-0.0406583160039391,2.073170731707317
Manu Koné,France,M,4,6.95,360.0,50000000.0,11982000.0,Estimated,6.992244143327939,-0.04224414332793902,0.5800367217492907
Laros Duarte,Cabo Verde,M,4,6.625,166.0,1000000.0,754000.0,Estimated,6.668638431227137,-0.043638431227137175,8.786472148541113
Declan Rice,England,M,5,7.0200000000000005,461.0,120000000.0,22251000.0,Estimated,7.0646673886001246,-0.04466738860012409,0.3154914385870298
John McGinn,Scotland,M,3,6.833333333333333,261.0,13000000.0,4623000.0,Estimated,6.88081410625781,-0.04748077292447661,1.478116663061504
Christian Pulišić,USA,M,4,6.925,224.0,40000000.0,10234000.0,Estimated,6.973793795714149,-0.048793795714149546,0.6766660152433066
Franck Kessié,Côte d'Ivoire,M,4,6.825,347.0,12000000.0,4369000.0,Estimated,6.874202251167567,-0.049202251167566935,1.5621423666742964
Kim Min-jae,South Korea,D,3,6.866666666666667,245.0,20000000.0,6269000.0,Estimated,6.9164503380099305,-0.049783671343263336,1.0953368426649652
Sherel Constancio Floranus,Curaçao,D,3,6.6000000000000005,270.0,800000.0,644000.0,Estimated,6.650187659050073,-0.0501876590500725,10.248447204968945
Jorge Sánchez,Mexico,D,4,6.675,349.0,2000000.0,1231000.0,Estimated,6.72599254799726,-0.05099254799725994,5.422420796100731
Ante Budimir,Croatia,F,3,6.7,156.0,2800000.0,1561000.0,Estimated,6.753780951793395,-0.05378095179339493,4.292120435618194
Martin Ødegaard,Norway,M,5,6.959999999999999,471.0,65000000.0,14425000.0,Estimated,7.013955071041111,-0.05395507104111186,0.4824956672443673
Daichi Kamada,Japan,M,4,6.8,331.0,10000000.0,3840000.0,Estimated,6.859101518297341,-0.059101518297341116,1.7708333333333333
Dodi Lukebakio,Belgium,F,3,6.833333333333333,163.0,15000000.0,5115000.0,Estimated,6.89264712722885,-0.05931379389551683,1.3359400456174648
Danilo Santos,Brazil,M,3,6.666666666666667,42.0,2000000.0,1231000.0,Estimated,6.72599254799726,-0.0593258813305928,5.415651232060655
Seung Ho Paik,South Korea,M,3,6.666666666666667,206.0,2000000.0,1231000.0,Estimated,6.72599254799726,-0.0593258813305928,5.415651232060655
Mehdi Taremi,Iran,F,3,6.666666666666667,260.0,2000000.0,1231000.0,Estimated,6.72599254799726,-0.0593258813305928,5.415651232060655
Kenny McLean,Scotland,M,3,6.533333333333334,124.0,400000.0,394000.0,Estimated,6.59269804489597,-0.0593647115626359,16.58206429780034
Nizar Al-Rashdan,Jordan,M,3,6.566666666666666,256.0,600000.0,525000.0,Estimated,6.626283706662148,-0.059617039995481846,12.507936507936506
Tyler Adams,USA,M,4,6.875,342.0,25000000.0,7340000.0,Estimated,6.934904427064172,-0.05990442706417198,0.9366485013623979
Nicolas Seiwald,Austria,M,4,6.875,315.0,25000000.0,7340000.0,Estimated,6.934904427064172,-0.05990442706417198,0.9366485013623979
Milad Mohammadi,Iran,D,3,6.6000000000000005,204.0,900000.0,700000.0,Estimated,6.659943633049531,-0.059943633049530654,9.42857142857143
Abbosbek Fayzullaev,Uzbekistan,F,3,6.766666666666666,223.0,7000000.0,2984000.0,Estimated,6.829592233919241,-0.06292556725257548,2.2676496872207323
Viktor Gyökeres,Sweden,F,4,6.95,360.0,65000000.0,14425000.0,Estimated,7.013955071041111,-0.06395507104111076,0.48180242634315423
Désiré Doué,France,M,6,7.0,308.0,120000000.0,22251000.0,Estimated,7.0646673886001246,-0.06466738860012455,0.3145926025796593
Alan Franco,Ecuador,D,4,6.725,254.0,4500000.0,2184000.0,Estimated,6.793074539525683,-0.06807453952568299,3.079212454212454
Tarik Muharemović,Bosnia & Herzegovina,D,3,6.866666666666667,260.0,25000000.0,7340000.0,Estimated,6.934904427064172,-0.06823776039750484,0.935513169845595
Djibril Sow,Switzerland,M,3,6.766666666666667,168.0,7500000.0,3134000.0,Estimated,6.835330744535364,-0.06866407786869733,2.1591150818974687
Jürgen Locadia,Curaçao,F,3,6.466666666666666,237.0,200000.0,242000.0,Estimated,6.5356687982524395,-0.06900213158577362,26.721763085399445
Boualem Khoukhi,Qatar,D,3,6.466666666666666,270.0,200000.0,242000.0,Estimated,6.5356687982524395,-0.06900213158577362,26.721763085399445
Oswin Appollis,South Africa,F,4,6.675,255.0,2500000.0,1441000.0,Estimated,6.744421888324352,-0.06942188832435203,4.632199861207495
Vladimír Coufal,Czechia,M,3,6.666666666666667,270.0,2500000.0,1441000.0,Estimated,6.744421888324352,-0.07775522165768489,4.626416840157298
Gervane Kastaneer,Curaçao,F,3,6.466666666666666,39.0,225000.0,263000.0,Estimated,6.545405431164694,-0.07873876449802797,24.588086185044357
David Møller Wolfe,Norway,D,5,6.76,462.0,8000000.0,3280000.0,Estimated,6.840658316003939,-0.08065831600393913,2.0609756097560976
Nicolás Tagliafico,Argentina,D,5,6.7,318.0,4000000.0,2009000.0,Estimated,6.783302259497798,-0.08330225949779813,3.3349925335988058
Danilo,Brazil,D,5,6.640000000000001,405.0,2000000.0,1231000.0,Estimated,6.72599254799726,-0.0859925479972592,5.393988627132413
Alexander Isak,Sweden,F,4,6.95,358.0,85000000.0,17437000.0,Estimated,7.036142705924039,-0.08614270592403894,0.3985777369960429
Thibaut Courtois,Belgium,G,6,6.8,570.0,15000000.0,5115000.0,Estimated,6.89264712722885,-0.09264712722885005,1.3294232649071358
Gonzalo Montiel,Argentina,D,3,6.7,78.0,4500000.0,2184000.0,Estimated,6.793074539525683,-0.09307453952568245,3.0677655677655675
Sander Berge,Norway,M,5,6.840000000000001,480.0,25000000.0,7340000.0,Estimated,6.934904427064172,-0.09490442706417124,0.9318801089918257
Josip Šutalo,Croatia,D,4,6.775,360.0,12000000.0,4369000.0,Estimated,6.874202251167567,-0.09920225116756676,1.5506981002517741
Silvan Widmer,Switzerland,D,4,6.55,145.0,800000.0,644000.0,Estimated,6.650187659050073,-0.10018765905007321,10.170807453416149
Edin Džeko,Bosnia & Herzegovina,F,3,6.566666666666666,179.0,1000000.0,754000.0,Estimated,6.668638431227137,-0.10197176456047075,8.709106984969054
Azarias Londoño,Panama,F,3,6.566666666666666,59.0,1000000.0,754000.0,Estimated,6.668638431227137,-0.10197176456047075,8.709106984969054
Zidane Iqbal,Iraq,M,3,6.566666666666666,188.0,1000000.0,754000.0,Estimated,6.668638431227137,-0.10197176456047075,8.709106984969054
Amir Al-Ammari,Iraq,M,3,6.566666666666666,248.0,1000000.0,754000.0,Estimated,6.668638431227137,-0.10197176456047075,8.709106984969054
Otabek Shukurov,Uzbekistan,M,3,6.6000000000000005,238.0,1500000.0,1004000.0,Estimated,6.702143077025333,-0.10214307702533265,6.573705179282869
Frantzdy Pierrot,Haiti,F,3,6.6000000000000005,151.0,1500000.0,1004000.0,Estimated,6.702143077025333,-0.10214307702533265,6.573705179282869
Jules Koundé,France,D,6,6.8999999999999995,515.0,60000000.0,13631000.0,Estimated,7.007330754242836,-0.10733075424283633,0.5061991049812926
Leon Goretzka,Germany,M,3,6.766666666666667,105.0,12000000.0,4369000.0,Estimated,6.874202251167567,-0.1075355845009005,1.5487907225146869
Wilson Isidor,Haiti,F,3,6.8,188.0,18000000.0,5819000.0,Estimated,6.9077349010858216,-0.10773490108582173,1.168585667640488
Breel Embolo,Switzerland,F,6,6.783333333333334,507.0,15000000.0,5115000.0,Estimated,6.89264712722885,-0.10931379389551577,1.3261648745519714
Jonathan David,Canada,F,5,6.840000000000001,421.0,30000000.0,8350000.0,Estimated,6.949988886196416,-0.10998888619641534,0.8191616766467067
Abdullah Al-Khaibari,Saudi Arabia,M,3,6.533333333333334,180.0,750000.0,615000.0,Estimated,6.644796533418647,-0.1114632000853133,10.623306233062332
Teun Koopmeiners,Netherlands,M,4,6.775,118.0,14000000.0,4872000.0,Estimated,6.886952211402135,-0.11195221140213452,1.3905993431855501
Rafael Leão,Portugal,F,5,6.88,161.0,50000000.0,11982000.0,Estimated,6.992244143327939,-0.1122441433279393,0.5741946252712402
Brahim Díaz,Morocco,M,6,6.8500000000000005,478.0,35000000.0,9312000.0,Estimated,6.96274726739966,-0.11274726739965946,0.7356099656357389
Saša Kalajdžić,Austria,F,3,6.666666666666667,77.0,4000000.0,2009000.0,Estimated,6.783302259497798,-0.11663559283113134,3.318400530944085
Niko Sigur,Canada,M,3,6.666666666666667,135.0,4000000.0,2009000.0,Estimated,6.783302259497798,-0.11663559283113134,3.318400530944085
Juan Sanabria,Uruguay,M,3,6.666666666666667,205.0,4000000.0,2009000.0,Estimated,6.783302259497798,-0.11663559283113134,3.318400530944085
Mohammed Abu Al-Shamat,Saudi Arabia,M,3,6.6000000000000005,135.0,1800000.0,1142000.0,Estimated,6.7172119037017755,-0.11721190370177492,5.779334500875658
Young-woo Seol,South Korea,M,3,6.7,251.0,6500000.0,2832000.0,Estimated,6.82347509340523,-0.12347509340523022,2.365819209039548
Jacob Shaffelburg,Canada,F,5,6.62,94.0,2500000.0,1441000.0,Estimated,6.744421888324352,-0.12442188832435175,4.594031922276197
Axel Tuanzebe,DR Congo,D,4,6.675,360.0,5000000.0,2353000.0,Estimated,6.801795197777828,-0.12679519777782833,2.8368040798980023
Bilal El Khannouss,Morocco,M,6,6.833333333333333,494.0,35000000.0,9312000.0,Estimated,6.96274726739966,-0.12941393406632695,0.7338201603665522
Akmal Mozgovoy,Uzbekistan,M,3,6.566666666666666,217.0,1400000.0,956000.0,Estimated,6.69641112733215,-0.12974446066548317,6.868898186889819
Jean-Ricner Bellegarde,Haiti,M,3,6.766666666666667,261.0,16000000.0,5354000.0,Estimated,6.8979902914842555,-0.13132362481758886,1.2638525712862656
Ryan Thomas,New Zealand,M,3,6.5,81.0,650000.0,556000.0,Estimated,6.6329962244983305,-0.13299622449833048,11.690647482014388
Anthony Gordon,England,M,5,6.88,346.0,65000000.0,14425000.0,Estimated,7.013955071041111,-0.13395507104111104,0.476949740034662
Caleb Yirenkyi,Ghana,M,4,6.725,272.0,10000000.0,3840000.0,Estimated,6.859101518297341,-0.1341015182973413,1.7513020833333333
Yukinari Sugawara,Japan,D,4,6.675,145.0,5500000.0,2517000.0,Estimated,6.809678523953128,-0.13467852395312807,2.6519666269368294
Julian Ryerson,Norway,D,4,6.8,226.0,25000000.0,7340000.0,Estimated,6.934904427064172,-0.13490442706417216,0.9264305177111717
Chemsdine Talbi,Morocco,F,4,6.8,98.0,25000000.0,7340000.0,Estimated,6.934904427064172,-0.13490442706417216,0.9264305177111717
Ehsan Haddad,Jordan,M,3,6.433333333333334,261.0,300000.0,322000.0,Estimated,6.569086730951119,-0.13575339761778515,19.979296066252587
Noah Sadiki,DR Congo,M,4,6.824999999999999,258.0,35000000.0,9312000.0,Estimated,6.96274726739966,-0.1377472673996607,0.7329252577319587
Zizo,Egypt,F,3,6.633333333333333,63.0,3500000.0,1828000.0,Estimated,6.772255380942992,-0.13892204760965932,3.6287381473377094
Tahith Chong,Curaçao,M,3,6.633333333333333,249.0,3500000.0,1828000.0,Estimated,6.772255380942992,-0.13892204760965932,3.6287381473377094
Ezri Konsa,England,D,6,6.833333333333333,570.0,40000000.0,10234000.0,Estimated,6.973793795714149,-0.14046046238081633,0.6677089440427334
Torbjørn Heggem,Norway,D,5,6.74,474.0,13000000.0,4623000.0,Estimated,6.88081410625781,-0.14081410625780943,1.4579277525416396
Romano Schmid,Austria,M,4,6.75,266.0,15000000.0,5115000.0,Estimated,6.89264712722885,-0.14264712722884987,1.3196480938416422
Odilon Kossounou,Côte d'Ivoire,D,4,6.75,280.0,15000000.0,5115000.0,Estimated,6.89264712722885,-0.14264712722884987,1.3196480938416422
Oscar Bobb,Norway,M,6,6.8,234.0,28000000.0,7953000.0,Estimated,6.944289354110225,-0.14428935411022525,0.8550232616622657
Gabriel Ávalos,Paraguay,F,3,6.5,141.0,750000.0,615000.0,Estimated,6.644796533418647,-0.1447965334186474,10.56910569105691
Juninho Bacuna,Curaçao,M,3,6.566666666666666,255.0,1700000.0,1097000.0,Estimated,6.712508120838621,-0.14584145417195415,5.986022485566697
Sergiño Dest,USA,M,5,6.76,298.0,18000000.0,5819000.0,Estimated,6.9077349010858216,-0.14773490108582177,1.1617116343014264
Jordan Bos,Australia,D,4,6.725,309.0,12000000.0,4369000.0,Estimated,6.874202251167567,-0.14920225116756747,1.5392538338292516
Tani Oluwaseyi,Canada,F,5,6.68,260.0,7000000.0,2984000.0,Estimated,6.829592233919241,-0.14959223391924148,2.2386058981233243
Francisco Conceição,Portugal,F,4,6.8,133.0,30000000.0,8350000.0,Estimated,6.949988886196416,-0.14998888619641626,0.8143712574850299
Edmilson Junior,Qatar,F,3,6.566666666666666,212.0,1800000.0,1142000.0,Estimated,6.7172119037017755,-0.15054523703510903,5.750145942790426
Thalente Mbatha,South Africa,M,4,6.575,259.0,2000000.0,1231000.0,Estimated,6.72599254799726,-0.15099254799725959,5.341186027619821
José Fajardo,Panama,F,3,6.466666666666666,155.0,550000.0,494000.0,Estimated,6.619162527672568,-0.15249586100590218,13.090418353576247
Promise David,Canada,F,4,6.75,77.0,17000000.0,5589000.0,Estimated,6.9030163622227505,-0.1530163622227505,1.2077294685990336
Bukayo Saka,England,F,6,6.8999999999999995,222.0,110000000.0,20924000.0,Estimated,7.057472803639782,-0.15747280363978255,0.3297648633148537
Sead Kolašinac,Bosnia & Herzegovina,D,4,6.625,339.0,4000000.0,2009000.0,Estimated,6.783302259497798,-0.1583022594977983,3.2976605276256845
Ernest Nuamah,Ghana,F,3,6.7,88.0,10000000.0,3840000.0,Estimated,6.859101518297341,-0.15910151829734076,1.7447916666666667
Hyeon-gyu Oh,South Korea,F,3,6.733333333333333,128.0,15000000.0,5115000.0,Estimated,6.89264712722885,-0.15931379389551648,1.3163897034864775
Liam Millar,Canada,M,3,6.6000000000000005,163.0,3000000.0,1639000.0,Estimated,6.7594860222993685,-0.15948602229936792,4.026845637583893
Neil El Aynaoui,Morocco,M,6,6.766666666666667,563.0,23000000.0,6920000.0,Estimated,6.928010197324066,-0.16134353065739937,0.9778420038535646
Gabriel Gudmundsson,Sweden,M,4,6.75,332.0,20000000.0,6269000.0,Estimated,6.9164503380099305,-0.16645033800993048,1.076726750677939
Pedro Neto,Portugal,M,5,6.840000000000001,352.0,60000000.0,13631000.0,Estimated,7.007330754242836,-0.16733075424283506,0.5017973736336293
Enner Valencia,Ecuador,F,4,6.5,290.0,1000000.0,754000.0,Estimated,6.668638431227137,-0.16863843122713718,8.620689655172415
Luca Zidane,Algeria,G,3,6.5,270.0,1000000.0,754000.0,Estimated,6.668638431227137,-0.16863843122713718,8.620689655172415
Kwasi Sibo,Ghana,M,4,6.525,249.0,1400000.0,956000.0,Estimated,6.69641112733215,-0.17141112733214925,6.825313807531382
Joe Bell,New Zealand,M,3,6.6000000000000005,244.0,3500000.0,1828000.0,Estimated,6.772255380942992,-0.17225538094299164,3.6105032822757113
Marcus Rashford,England,F,4,6.800000000000001,183.0,40000000.0,10234000.0,Estimated,6.973793795714149,-0.17379379571414866,0.6644518272425249
Lukáš Provod,Czechia,F,3,6.666666666666667,121.0,8000000.0,3280000.0,Estimated,6.840658316003939,-0.17399164933727196,2.032520325203252
Hicham Boudaoui,Algeria,M,3,6.7,128.0,12000000.0,4369000.0,Estimated,6.874202251167567,-0.17420225116756693,1.5335317006179905
Fabinho,Brazil,M,3,6.7,78.0,12000000.0,4369000.0,Estimated,6.874202251167567,-0.17420225116756693,1.5335317006179905
Omar Alderete,Paraguay,D,4,6.7,322.0,13000000.0,4623000.0,Estimated,6.88081410625781,-0.18081410625780947,1.4492753623188406
Willian Pacho,Ecuador,D,4,6.85,360.0,80000000.0,16705000.0,Estimated,7.031124840162053,-0.18112484016205332,0.4100568692008381
Jamiro Monteiro,Cabo Verde,M,4,6.45,283.0,650000.0,556000.0,Estimated,6.6329962244983305,-0.1829962244983303,11.600719424460431
Federico Viñas,Uruguay,M,3,6.6000000000000005,192.0,4000000.0,2009000.0,Estimated,6.783302259497798,-0.18330225949779777,3.2852165256346444
Barış Alper Yılmaz,Türkiye,M,3,6.766666666666667,179.0,30000000.0,8350000.0,Estimated,6.949988886196416,-0.18332221952974947,0.810379241516966
Jayden Adams,South Africa,M,3,6.533333333333334,116.0,1800000.0,1142000.0,Estimated,6.7172119037017755,-0.18387857036844135,5.720957384705197
Benjamin Old,New Zealand,F,3,6.533333333333334,91.0,1800000.0,1142000.0,Estimated,6.7172119037017755,-0.18387857036844135,5.720957384705197
Marco Pašalić,Croatia,F,3,6.633333333333333,106.0,6500000.0,2832000.0,Estimated,6.82347509340523,-0.19014176007189754,2.3422787193973633
Maxim De Cuyper,Belgium,D,6,6.733333333333333,472.0,22000000.0,6706000.0,Estimated,6.924334739374407,-0.19100140604107363,1.004075951883885
Mario Pašalić,Croatia,M,4,6.625,121.0,6000000.0,2676000.0,Estimated,6.81684564811979,-0.19184564811978966,2.475710014947683
Adam Hložek,Czechia,F,3,6.666666666666667,157.0,10000000.0,3840000.0,Estimated,6.859101518297341,-0.19243485163067398,1.7361111111111112
Obed Vargas,Mexico,M,3,6.666666666666667,63.0,10000000.0,3840000.0,Estimated,6.859101518297341,-0.19243485163067398,1.7361111111111112
Son Heung-min,South Korea,F,3,6.7,171.0,15000000.0,5115000.0,Estimated,6.89264712722885,-0.1926471272288497,1.3098729227761485
Samir El Mourabet,Morocco,M,4,6.725,95.0,22000000.0,6706000.0,Estimated,6.924334739374407,-0.19933473937440738,1.002833283626603
José Córdoba,Panama,D,3,6.6000000000000005,270.0,5000000.0,2353000.0,Estimated,6.801795197777828,-0.20179519777782762,2.8049298767530813
Guillermo Varela,Uruguay,D,3,6.466666666666666,270.0,1000000.0,754000.0,Estimated,6.668638431227137,-0.20197176456047128,8.576480990274092
Michael Gregoritsch,Austria,F,3,6.5,190.0,1500000.0,1004000.0,Estimated,6.702143077025333,-0.20214307702533318,6.47410358565737
Ali Al-Hamadi,Iraq,F,3,6.5,181.0,1500000.0,1004000.0,Estimated,6.702143077025333,-0.20214307702533318,6.47410358565737
Lautaro Martínez,Argentina,F,6,6.833333333333333,282.0,85000000.0,17437000.0,Estimated,7.036142705924039,-0.20280937259070608,0.3918869836172124
Rafik Belghali,Algeria,D,4,6.625,333.0,7000000.0,2984000.0,Estimated,6.829592233919241,-0.2045922339192412,2.2201742627345844
Marcus Pedersen,Norway,D,3,6.566666666666666,205.0,3500000.0,1828000.0,Estimated,6.772255380942992,-0.20558871427632575,3.5922684172137123
Elliot Stroud,Sweden,M,3,6.633333333333333,166.0,8000000.0,3280000.0,Estimated,6.840658316003939,-0.20732498267060606,2.022357723577236
Matěj Kovář,Czechia,G,3,6.633333333333333,270.0,8000000.0,3280000.0,Estimated,6.840658316003939,-0.20732498267060606,2.022357723577236
Anass Salah-Eddine,Morocco,D,3,6.666666666666667,138.0,12000000.0,4369000.0,Estimated,6.874202251167567,-0.20753558450090015,1.5259021896696423
Hiroki Itō,Japan,D,4,6.7,360.0,18000000.0,5819000.0,Estimated,6.9077349010858216,-0.20773490108582138,1.1514005842928339
Denis Zakaria,Switzerland,D,4,6.725,384.0,25000000.0,7340000.0,Estimated,6.934904427064172,-0.20990442706417234,0.9162125340599455
Andrej Kramarić,Croatia,F,3,6.533333333333334,70.0,2500000.0,1441000.0,Estimated,6.744421888324352,-0.21108855499101775,4.533888503354152
Omar Marmoush,Egypt,F,5,6.779999999999999,326.0,50000000.0,11982000.0,Estimated,6.992244143327939,-0.21224414332793984,0.5658487731597396
Kevin Danso,Austria,D,4,6.7,239.0,20000000.0,6269000.0,Estimated,6.9164503380099305,-0.2164503380099303,1.0687509969692135
Elisha Owusu,Ghana,M,3,6.566666666666666,151.0,4000000.0,2009000.0,Estimated,6.783302259497798,-0.21663559283113187,3.268624522979924
Djed Spence,England,D,6,6.733333333333333,204.0,30000000.0,8350000.0,Estimated,6.949988886196416,-0.2166555528630827,0.8063872255489022
Kevin Rodriguez,Ecuador,F,4,6.6,115.0,6000000.0,2676000.0,Estimated,6.81684564811979,-0.21684564811979,2.466367713004484
Dailon Rocha Livramento,Cabo Verde,F,3,6.433333333333334,175.0,800000.0,644000.0,Estimated,6.650187659050073,-0.21685432571673946,9.989648033126294
Firas Chaouat,Tunisia,F,3,6.466666666666666,54.0,1200000.0,858000.0,Estimated,6.683756708612087,-0.21709004194542114,7.5369075369075365
Igor Sergeev,Uzbekistan,F,3,6.466666666666666,33.0,1200000.0,858000.0,Estimated,6.683756708612087,-0.21709004194542114,7.5369075369075365
Antonio Nusa,Norway,M,6,6.733333333333333,326.0,32000000.0,8740000.0,Estimated,6.955329956679793,-0.22199662334645964,0.7704042715484363
Cristian Volpato,Australia,M,3,6.633333333333333,161.0,10000000.0,3840000.0,Estimated,6.859101518297341,-0.22576818496400808,1.7274305555555556
Jérémy Doku,Belgium,M,5,6.8,311.0,75000000.0,15960000.0,Estimated,7.025786831321967,-0.22578683132196709,0.42606516290726815
Abdallah Nasib,Jordan,D,3,6.366666666666667,261.0,400000.0,394000.0,Estimated,6.59269804489597,-0.22603137822930286,16.159052453468696
Sphephelo Sithole,South Africa,M,3,6.3999999999999995,229.0,600000.0,525000.0,Estimated,6.626283706662148,-0.2262837066621488,12.19047619047619
Hamza Abdelkarim,Egypt,F,4,6.475,57.0,1500000.0,1004000.0,Estimated,6.702143077025333,-0.22714307702533354,6.449203187250996
Andy Robertson,Scotland,D,3,6.6000000000000005,225.0,7000000.0,2984000.0,Estimated,6.829592233919241,-0.22959223391924066,2.211796246648794
Ayyoub Bouaddi,Morocco,M,5,6.76,412.0,50000000.0,11982000.0,Estimated,6.992244143327939,-0.2322441433279394,0.5641796027374395
Willy Semedo,Cabo Verde,F,3,6.433333333333334,130.0,1000000.0,754000.0,Estimated,6.668638431227137,-0.2353050978938036,8.532272325375773
Yazeed Abu Laila,Jordan,G,3,6.333333333333333,270.0,300000.0,322000.0,Estimated,6.569086730951119,-0.2357533976177857,19.668737060041405
John Stones,England,D,3,6.633333333333333,240.0,12000000.0,4369000.0,Estimated,6.874202251167567,-0.24086891783423425,1.518272678721294
Liberato Cacace,New Zealand,D,3,6.5,223.0,2500000.0,1441000.0,Estimated,6.744421888324352,-0.24442188832435185,4.510756419153365
Derek Cornelius,Canada,D,4,6.5,315.0,2500000.0,1441000.0,Estimated,6.744421888324352,-0.24442188832435185,4.510756419153365
Josip Stanišić,Croatia,M,4,6.725,360.0,40000000.0,10234000.0,Estimated,6.973793795714149,-0.24879379571414972,0.6571233144420559
Pavel Šulc,Czechia,F,3,6.666666666666667,189.0,20000000.0,6269000.0,Estimated,6.9164503380099305,-0.2497836713432635,1.0634338278300632
Hwang Hee-chan,South Korea,F,3,6.566666666666666,106.0,6000000.0,2676000.0,Estimated,6.81684564811979,-0.25017898145312323,2.4539113104135524
Ibrahim Bayesh,Iraq,M,3,6.3999999999999995,237.0,800000.0,644000.0,Estimated,6.650187659050073,-0.25018765905007356,9.937888198757763
Ivan Šunjić,Bosnia & Herzegovina,M,4,6.475,198.0,2000000.0,1231000.0,Estimated,6.72599254799726,-0.2509925479972601,5.25995125913891
Fredrik Aursnes,Norway,M,5,6.640000000000001,250.0,15000000.0,5115000.0,Estimated,6.89264712722885,-0.2526471272288493,1.2981427174975562
Chadi Riad,Morocco,D,5,6.640000000000001,435.0,15000000.0,5115000.0,Estimated,6.89264712722885,-0.2526471272288493,1.2981427174975562
Ryan Gravenberch,Netherlands,M,4,6.775,347.0,80000000.0,16705000.0,Estimated,7.031124840162053,-0.2561248401620526,0.405567195450464
Marin Pongračić,Croatia,D,3,6.566666666666666,270.0,6500000.0,2832000.0,Estimated,6.82347509340523,-0.25680842673856397,2.318738229755179
Emiliano Martínez,Argentina,G,6,6.616666666666667,600.0,12000000.0,4369000.0,Estimated,6.874202251167567,-0.25753558450089997,1.51445792324712
Amadou Onana,Belgium,M,4,6.7250000000000005,106.0,45000000.0,11122000.0,Estimated,6.983529646146559,-0.2585296461465587,0.6046574357130013
Nikola Vlašić,Croatia,M,3,6.6000000000000005,189.0,10000000.0,3840000.0,Estimated,6.859101518297341,-0.2591015182973404,1.7187500000000002
Gilberto Mora,Mexico,M,4,6.6,215.0,10000000.0,3840000.0,Estimated,6.859101518297341,-0.2591015182973413,1.71875
Carlos Harvey,Panama,M,3,6.366666666666667,268.0,600000.0,525000.0,Estimated,6.626283706662148,-0.25961703999548114,12.126984126984127
Sebastián Cáceres,Uruguay,D,3,6.533333333333334,270.0,4500000.0,2184000.0,Estimated,6.793074539525683,-0.25974120619234853,2.9914529914529915
Eldor Shomurodov,Uzbekistan,F,3,6.566666666666666,269.0,7000000.0,2984000.0,Estimated,6.829592233919241,-0.26292556725257477,2.2006255585344054
Jordan Pickford,England,G,6,6.616666666666667,570.0,13000000.0,4623000.0,Estimated,6.88081410625781,-0.2641474395911425,1.431249549354676
Nélson Semedo,Portugal,D,4,6.55,124.0,6000000.0,2676000.0,Estimated,6.81684564811979,-0.26684564811978984,2.4476831091180866
Benjamin Tahirović,Bosnia & Herzegovina,M,4,6.525,237.0,4500000.0,2184000.0,Estimated,6.793074539525683,-0.2680745395256823,2.9876373626373627
Chris Wood,New Zealand,F,3,6.533333333333334,270.0,5000000.0,2353000.0,Estimated,6.801795197777828,-0.26846186444449405,2.776597251735373
Steven Moreira,Cabo Verde,D,3,6.433333333333334,300.0,1500000.0,1004000.0,Estimated,6.702143077025333,-0.2688097436919996,6.407702523240372
Amine Gouiri,Algeria,F,4,6.675,253.0,28000000.0,7953000.0,Estimated,6.944289354110225,-0.26928935411022525,0.8393059222934741
Alexander Schlager,Austria,G,4,6.45,360.0,2000000.0,1231000.0,Estimated,6.72599254799726,-0.2759925479972596,5.2396425670186835
Maxime Crépeau,Canada,G,5,6.44,450.0,1800000.0,1142000.0,Estimated,6.7172119037017755,-0.27721190370177506,5.639229422066551
João Félix,Portugal,M,3,6.666666666666667,204.0,28000000.0,7953000.0,Estimated,6.944289354110225,-0.2776226874435581,0.8382580996688881
Leo Østigård,Norway,D,3,6.6000000000000005,124.0,13000000.0,4623000.0,Estimated,6.88081410625781,-0.2808141062578091,1.427644386761843
Cédric Bakambu,DR Congo,F,3,6.3999999999999995,193.0,1200000.0,858000.0,Estimated,6.683756708612087,-0.28375670861208757,7.459207459207459
Salem Al-Dawsari,Saudi Arabia,M,3,6.3999999999999995,246.0,1200000.0,858000.0,Estimated,6.683756708612087,-0.28375670861208757,7.459207459207459
Sherzod Nasrullaev,Uzbekistan,M,3,6.3999999999999995,180.0,1200000.0,858000.0,Estimated,6.683756708612087,-0.28375670861208757,7.459207459207459
Eberechi Eze,England,M,4,6.725,75.0,65000000.0,14425000.0,Estimated,7.013955071041111,-0.2889550710411113,0.46620450606585784
Leroy Sané,Germany,M,4,6.625,328.0,20000000.0,6269000.0,Estimated,6.9164503380099305,-0.2914503380099305,1.0567873664061254
Nahuel Molina,Argentina,D,5,6.6,432.0,15000000.0,5115000.0,Estimated,6.89264712722885,-0.2926471272288502,1.2903225806451613
Moise Bombito,Canada,D,3,6.533333333333334,194.0,7000000.0,2984000.0,Estimated,6.829592233919241,-0.2962589005859071,2.1894548704200183
Kerim Alajbegović,Bosnia & Herzegovina,F,4,6.625,277.0,22000000.0,6706000.0,Estimated,6.924334739374407,-0.299334739374407,0.9879212645392186
Matthew Freese,USA,G,4,6.425,360.0,2000000.0,1231000.0,Estimated,6.72599254799726,-0.30099254799725994,5.219333874898456
Ryan Christie,Scotland,M,3,6.533333333333334,94.0,8000000.0,3280000.0,Estimated,6.840658316003939,-0.3073249826706048,1.9918699186991873
Ismail Jakobs,Senegal,D,3,6.533333333333334,220.0,8000000.0,3280000.0,Estimated,6.840658316003939,-0.3073249826706048,1.9918699186991873
Sarpreet Singh,New Zealand,M,3,6.3,210.0,500000.0,462000.0,Estimated,6.611326702778651,-0.3113267027786515,13.636363636363635
Merchas Doski,Iraq,D,3,6.3999999999999995,270.0,1700000.0,1097000.0,Estimated,6.712508120838621,-0.3125081208386211,5.834092980856882
Fabian Rieder,Switzerland,M,5,6.56,308.0,12000000.0,4369000.0,Estimated,6.874202251167567,-0.3142022511675675,1.501487754634928
Martin Expérience,Haiti,D,3,6.266666666666667,270.0,350000.0,359000.0,Estimated,6.581813344519289,-0.3151466778526224,17.45589600742804
Aleksandar Pavlović,Germany,M,4,6.725,274.0,90000000.0,18156000.0,Estimated,7.040870447597404,-0.3158704475974048,0.3704009693765147
Theo Hernández,France,D,3,6.6000000000000005,192.0,20000000.0,6269000.0,Estimated,6.9164503380099305,-0.31645033800992994,1.0527994895517627
Edo Kayembe,DR Congo,M,3,6.466666666666666,160.0,4000000.0,2009000.0,Estimated,6.783302259497798,-0.3166355928311324,3.218848515015762
Donyell Malen,Netherlands,F,3,6.666666666666667,187.0,45000000.0,11122000.0,Estimated,6.983529646146559,-0.3168629794798923,0.5994125756758377
Saud Abdulhamid,Saudi Arabia,D,3,6.533333333333334,269.0,9000000.0,3565000.0,Estimated,6.850407155401317,-0.3170738220679832,1.8326320710612438
Louicius Don Deedson,Haiti,M,3,6.366666666666667,112.0,1200000.0,858000.0,Estimated,6.683756708612087,-0.3170900419454199,7.420357420357421
Mohamed Hany,Egypt,D,5,6.38,480.0,1500000.0,1004000.0,Estimated,6.702143077025333,-0.3221430770253333,6.354581673306773
Ángelo Preciado,Ecuador,D,4,6.45,112.0,3500000.0,1828000.0,Estimated,6.772255380942992,-0.322255380942992,3.5284463894967177
Tomáš Souček,Czechia,M,3,6.533333333333334,136.0,10000000.0,3840000.0,Estimated,6.859101518297341,-0.32576818496400684,1.701388888888889
Ben Gannon-Doak,Scotland,M,3,6.566666666666666,187.0,15000000.0,5115000.0,Estimated,6.89264712722885,-0.32598046056218344,1.283805799934832
Mahmud Abunada,Qatar,G,3,6.266666666666667,270.0,400000.0,394000.0,Estimated,6.59269804489597,-0.3260313782293034,15.905245346869712
Ritsu Doan,Japan,M,4,6.575,282.0,17000000.0,5589000.0,Estimated,6.9030163622227505,-0.3280163622227503,1.1764179638575774
Malo Gusto,France,D,3,6.633333333333333,34.0,35000000.0,9312000.0,Estimated,6.96274726739966,-0.32941393406632713,0.7123424971363116
Richard Ríos,Colombia,M,5,6.6,136.0,25000000.0,7340000.0,Estimated,6.934904427064172,-0.33490442706417234,0.8991825613079019
Max Crocombe,New Zealand,G,3,6.333333333333333,270.0,1000000.0,754000.0,Estimated,6.668638431227137,-0.33530509789380414,8.399646330680813
Brian Rodríguez,Uruguay,F,3,6.5,38.0,8000000.0,3280000.0,Estimated,6.840658316003939,-0.3406583160039389,1.981707317073171
Nathan Aké,Netherlands,D,3,6.533333333333334,170.0,12000000.0,4369000.0,Estimated,6.874202251167567,-0.340868917834233,1.4953841458762496
Federico Valverde,Uruguay,M,3,6.7,237.0,90000000.0,18156000.0,Estimated,7.040870447597404,-0.34087044759740426,0.36902401410002206
Ngal'ayel Mukau,DR Congo,M,4,6.55,196.0,15000000.0,5115000.0,Estimated,6.89264712722885,-0.34264712722885005,1.2805474095796676
Lamine Camara,Senegal,M,4,6.625,250.0,40000000.0,10234000.0,Estimated,6.973793795714149,-0.34879379571414937,0.6473519640414305
Junior Alonso,Paraguay,D,4,6.35,389.0,1500000.0,1004000.0,Estimated,6.702143077025333,-0.35214307702533354,6.324701195219123
Tajon Buchanan,Canada,M,5,6.5200000000000005,380.0,12000000.0,4369000.0,Estimated,6.874202251167567,-0.35420225116756665,1.4923323414969103
Santiago Giménez,Mexico,F,4,6.55,82.0,18000000.0,5819000.0,Estimated,6.9077349010858216,-0.35773490108582173,1.1256229592713525
Tijjani Reijnders,Netherlands,M,3,6.633333333333333,201.0,50000000.0,11982000.0,Estimated,6.992244143327939,-0.35891080999460634,0.5536081900628721
Hannes Delcroix,Haiti,D,3,6.366666666666667,270.0,2000000.0,1231000.0,Estimated,6.72599254799726,-0.3593258813305926,5.171946926617926
Alexander Bernhardsson,Sweden,M,3,6.3999999999999995,219.0,3000000.0,1639000.0,Estimated,6.7594860222993685,-0.359486022299369,3.904820012202562
Nathan Ngoy,Belgium,D,4,6.575,336.0,25000000.0,7340000.0,Estimated,6.934904427064172,-0.3599044270641718,0.8957765667574932
Matías Fernández-Pardo,Belgium,F,3,6.6000000000000005,53.0,35000000.0,9312000.0,Estimated,6.96274726739966,-0.36274726739965946,0.7087628865979383
Lucas Bergvall,Sweden,M,4,6.6,178.0,35000000.0,9312000.0,Estimated,6.96274726739966,-0.36274726739966034,0.7087628865979382
Moteb Al-Harbi,Saudi Arabia,D,3,6.333333333333333,187.0,1400000.0,956000.0,Estimated,6.69641112733215,-0.36307779399881657,6.624825662482566
Morgan Rogers,England,M,4,6.675,138.0,90000000.0,18156000.0,Estimated,7.040870447597404,-0.3658704475974046,0.36764705882352944
Piero Hincapié,Ecuador,D,4,6.625,341.0,50000000.0,11982000.0,Estimated,6.992244143327939,-0.3672441433279392,0.5529127023869137
Ismael Gharbi,Tunisia,F,3,6.433333333333334,134.0,5000000.0,2353000.0,Estimated,6.801795197777828,-0.3684618644444946,2.7340983142088113
Michael Boxall,New Zealand,D,3,6.166666666666667,206.0,150000.0,242000.0,Estimated,6.5356687982524395,-0.36900213158577255,25.482093663911847
Armando Obispo,Curaçao,D,3,6.3999999999999995,270.0,4000000.0,2009000.0,Estimated,6.783302259497798,-0.38330225949779884,3.1856645097063216
Musab Al Juwayr,Saudi Arabia,F,3,6.433333333333334,153.0,6000000.0,2676000.0,Estimated,6.81684564811979,-0.3835123147864561,2.4040857000498255
Damián Bobadilla,Paraguay,M,3,6.433333333333334,189.0,6000000.0,2676000.0,Estimated,6.81684564811979,-0.3835123147864561,2.4040857000498255
Gustaf Lagerbielke,Sweden,D,4,6.475,360.0,10000000.0,3840000.0,Estimated,6.859101518297341,-0.3841015182973413,1.6861979166666667
Benjamin Nygren,Sweden,M,4,6.5,138.0,14000000.0,4872000.0,Estimated,6.886952211402135,-0.38695221140213487,1.3341543513957308
Ramiz Zerrouki,Algeria,M,3,6.433333333333334,111.0,6500000.0,2832000.0,Estimated,6.82347509340523,-0.3901417600718968,2.27165725047081
Micky van de Ven,Netherlands,D,3,6.6000000000000005,266.0,50000000.0,11982000.0,Estimated,6.992244143327939,-0.39224414332793867,0.5508262393590386
Nathan Patterson,Scotland,D,3,6.466666666666666,186.0,10000000.0,3840000.0,Estimated,6.859101518297341,-0.39243485163067504,1.6840277777777777
Farès Chaïbi,Algeria,F,4,6.5,360.0,15000000.0,5115000.0,Estimated,6.89264712722885,-0.39264712722884987,1.270772238514174
Uğurcan Çakır,Türkiye,G,3,6.5,270.0,15000000.0,5115000.0,Estimated,6.89264712722885,-0.39264712722884987,1.270772238514174
Memphis Depay,Netherlands,F,3,6.433333333333334,51.0,7000000.0,2984000.0,Estimated,6.829592233919241,-0.3962589005859076,2.1559428060768546
Julián Alvarez,Argentina,F,6,6.6499999999999995,394.0,100000000.0,19560000.0,Estimated,7.049585551457625,-0.3995855514576254,0.3399795501022495
Ellyes Skhiri,Tunisia,M,3,6.3999999999999995,251.0,5000000.0,2353000.0,Estimated,6.801795197777828,-0.4017951977778287,2.719932001699957
Miguel Almirón,Paraguay,M,4,6.425,288.0,7000000.0,2984000.0,Estimated,6.829592233919241,-0.4045922339192414,2.1531501340482575
Firas Al-Buraikan,Saudi Arabia,F,3,6.366666666666667,239.0,3500000.0,1828000.0,Estimated,6.772255380942992,-0.40558871427632504,3.4828592268417213
Ahmed Qasem,Iraq,F,3,6.366666666666667,123.0,3500000.0,1828000.0,Estimated,6.772255380942992,-0.40558871427632504,3.4828592268417213
Akam Hashem,Iraq,D,3,6.233333333333333,270.0,700000.0,586000.0,Estimated,6.639144954758645,-0.405811621425312,10.637087599544937
Mohamed Touré,Australia,F,3,6.433333333333334,165.0,8000000.0,3280000.0,Estimated,6.840658316003939,-0.40732498267060535,1.9613821138211385
Callum McCowatt,New Zealand,M,3,6.333333333333333,160.0,2500000.0,1441000.0,Estimated,6.744421888324352,-0.4110885549910188,4.395095998149433
Jassem Gaber Abdulsallam,Qatar,M,3,6.2,150.0,500000.0,462000.0,Estimated,6.611326702778651,-0.41132670277865113,13.419913419913419
Anis Ben Slimane,Tunisia,F,3,6.366666666666667,242.0,4000000.0,2009000.0,Estimated,6.783302259497798,-0.41663559283113116,3.1690725070516015
Nicolas Jackson,Senegal,F,4,6.55,232.0,40000000.0,10234000.0,Estimated,6.973793795714149,-0.42379379571414955,0.6400234512409615
Joel Ordóñez,Ecuador,D,3,6.533333333333334,225.0,33000000.0,8932000.0,Estimated,6.957872468459008,-0.42453913512567354,0.7314524555903866
Jhon Córdoba,Colombia,F,3,6.433333333333334,100.0,10000000.0,3840000.0,Estimated,6.859101518297341,-0.42576818496400737,1.6753472222222223
Anis Hadj Moussa,Algeria,F,3,6.5,97.0,23000000.0,6920000.0,Estimated,6.928010197324066,-0.428010197324066,0.9393063583815029
Ibrahim Maza,Algeria,M,4,6.55,351.0,45000000.0,11122000.0,Estimated,6.983529646146559,-0.4335296461465594,0.5889228556015105
Xaver Schlager,Austria,M,4,6.425,239.0,10000000.0,3840000.0,Estimated,6.859101518297341,-0.4341015182973411,1.6731770833333333
Manuel Ugarte,Uruguay,M,3,6.5,186.0,25000000.0,7340000.0,Estimated,6.934904427064172,-0.434904427064172,0.885558583106267
Rayan Cherki,France,M,5,6.6,86.0,90000000.0,18156000.0,Estimated,7.040870447597404,-0.4408704475974048,0.3635161929940516
Mohamed Naceur Almanai,Qatar,M,3,6.166666666666667,67.0,500000.0,462000.0,Estimated,6.611326702778651,-0.44466003611198435,13.347763347763347
Rustam Ashurmatov,Uzbekistan,D,3,6.2,257.0,750000.0,615000.0,Estimated,6.644796533418647,-0.4447965334186472,10.08130081300813
Rayan Aït-Nouri,Algeria,D,4,6.525,284.0,40000000.0,10234000.0,Estimated,6.973793795714149,-0.448793795714149,0.6375806136408052
Igor Matanović,Croatia,F,3,6.466666666666666,93.0,22000000.0,6706000.0,Estimated,6.924334739374407,-0.4576680727077411,0.9643105676508598
Amar Dedić,Bosnia & Herzegovina,D,3,6.433333333333334,270.0,16000000.0,5354000.0,Estimated,6.8979902914842555,-0.4646569581509219,1.2015938239322626
Esmir Bajraktarević,Bosnia & Herzegovina,M,4,6.375,229.0,8000000.0,3280000.0,Estimated,6.840658316003939,-0.4656583160039389,1.9435975609756098
Amar Memić,Bosnia & Herzegovina,M,4,6.325,224.0,4500000.0,2184000.0,Estimated,6.793074539525683,-0.46807453952568245,2.896062271062271
Nico Williams,Spain,F,3,6.5,52.0,40000000.0,10234000.0,Estimated,6.973793795714149,-0.47379379571414937,0.6351377760406488
Iqraam Rayners,South Africa,F,4,6.275,168.0,2800000.0,1561000.0,Estimated,6.753780951793395,-0.47878095179339475,4.019859064702114
Jean-Philippe Mateta,France,F,3,6.466666666666666,43.0,30000000.0,8350000.0,Estimated,6.949988886196416,-0.4833222195297502,0.7744510978043911
Scott McTominay,Scotland,M,3,6.466666666666666,270.0,40000000.0,10234000.0,Estimated,6.973793795714149,-0.5071271290474835,0.6318806592404402
Hassan Tambakti,Saudi Arabia,D,3,6.2,213.0,1800000.0,1142000.0,Estimated,6.7172119037017755,-0.5172119037017753,5.4290718038528905
Ermedin Demirović,Bosnia & Herzegovina,F,4,6.4,356.0,22000000.0,6706000.0,Estimated,6.924334739374407,-0.5243347393744067,0.9543692215926036
Isak Hien,Sweden,D,3,6.3999999999999995,217.0,22000000.0,6706000.0,Estimated,6.924334739374407,-0.5243347393744076,0.9543692215926035
Victor Lindelöf,Sweden,D,4,6.275,357.0,5000000.0,2353000.0,Estimated,6.801795197777828,-0.5267951977778278,2.6668083297917553
Konrad Laimer,Austria,M,4,6.425,360.0,32000000.0,8740000.0,Estimated,6.955329956679793,-0.5303299566797932,0.7351258581235698
Patrik Schick,Czechia,F,3,6.366666666666667,180.0,18000000.0,5819000.0,Estimated,6.9077349010858216,-0.5410682344191544,1.0941169731339864
Alexander Sørloth,Norway,F,5,6.36,340.0,18000000.0,5819000.0,Estimated,6.9077349010858216,-0.5477349010858212,1.0929713009108095
Tim Payne,New Zealand,D,3,6.033333333333334,227.0,350000.0,359000.0,Estimated,6.581813344519289,-0.5484800111859549,16.805942432683384
Endrick,Brazil,F,4,6.425000000000001,111.0,40000000.0,10234000.0,Estimated,6.973793795714149,-0.5487937957141487,0.6278092632401798
Paul Wanner,Austria,M,4,6.375,234.0,22000000.0,6706000.0,Estimated,6.924334739374407,-0.549334739374407,0.9506412168207575
Bernardo Silva,Portugal,M,4,6.375,103.0,22000000.0,6706000.0,Estimated,6.924334739374407,-0.549334739374407,0.9506412168207575
Carney Chukwuemeka,Austria,M,3,6.366666666666667,89.0,20000000.0,6269000.0,Estimated,6.9164503380099305,-0.5497836713432633,1.0155793055777105
Darwin Núñez,Uruguay,F,3,6.366666666666667,155.0,20000000.0,6269000.0,Estimated,6.9164503380099305,-0.5497836713432633,1.0155793055777105
Ange-Yoan Bonny,Côte d'Ivoire,F,4,6.4,236.0,35000000.0,9312000.0,Estimated,6.96274726739966,-0.5627472673996596,0.6872852233676977
Deveron Fonville,Curaçao,D,3,6.133333333333333,243.0,1500000.0,1004000.0,Estimated,6.702143077025333,-0.5688097436920003,6.108897742363878
Nico O'Reilly,England,D,6,6.45,488.0,70000000.0,15200000.0,Estimated,7.020078191501712,-0.5700781915017119,0.4243421052631579
Montassar Talbi,Tunisia,D,3,6.266666666666667,270.0,8000000.0,3280000.0,Estimated,6.840658316003939,-0.5739916493372723,1.910569105691057
Luis Javier Suárez,Colombia,F,5,6.44,332.0,70000000.0,15200000.0,Estimated,7.020078191501712,-0.5800781915017117,0.42368421052631583
Diego Gómez,Paraguay,M,4,6.35,307.0,25000000.0,7340000.0,Estimated,6.934904427064172,-0.5849044270641723,0.8651226158038147
Ricardo Pepi,USA,F,5,6.36,212.0,30000000.0,8350000.0,Estimated,6.949988886196416,-0.5899888861964158,0.7616766467065869
Robin Hranáč,Czechia,D,3,6.266666666666667,270.0,10000000.0,3840000.0,Estimated,6.859101518297341,-0.5924348516306743,1.6319444444444444
Prince Kwabena Adu,Ghana,F,3,6.166666666666667,48.0,3000000.0,1639000.0,Estimated,6.7594860222993685,-0.5928193556327015,3.762456782591011
Joško Gvardiol,Croatia,D,4,6.425000000000001,162.0,70000000.0,15200000.0,Estimated,7.020078191501712,-0.5950781915017114,0.4226973684210527
Elye Wahi,Côte d'Ivoire,F,3,6.3,109.0,18000000.0,5819000.0,Estimated,6.9077349010858216,-0.6077349010858217,1.082660250902217
Lenny Joseph,Haiti,F,3,6.1000000000000005,116.0,2000000.0,1231000.0,Estimated,6.72599254799726,-0.6259925479972592,4.9553208773355
Yazan Al-Arab,Jordan,D,3,6.033333333333334,270.0,1000000.0,754000.0,Estimated,6.668638431227137,-0.6353050978938031,8.001768346595934
José Luis Rodríguez,Panama,F,3,6.1000000000000005,235.0,2500000.0,1441000.0,Estimated,6.744421888324352,-0.6444218883243513,4.233171408743928
Orkun Kökçü,Türkiye,M,3,6.266666666666667,163.0,25000000.0,7340000.0,Estimated,6.934904427064172,-0.6682377603975054,0.8537693006357857
Antoine Semenyo,Ghana,F,4,6.35,360.0,80000000.0,16705000.0,Estimated,7.031124840162053,-0.6811248401620533,0.3801257108650105
Carlens Arcus,Haiti,D,3,6.033333333333334,145.0,1800000.0,1142000.0,Estimated,6.7172119037017755,-0.6838785703684414,5.283129013426738
Josué Casimir,Haiti,F,3,6.066666666666666,181.0,3000000.0,1639000.0,Estimated,6.7594860222993685,-0.692819355632702,3.7014439699003456
Yan Valery,Tunisia,D,3,6.0,252.0,1500000.0,1004000.0,Estimated,6.702143077025333,-0.7021430770253332,5.9760956175298805
Ferran Torres,Spain,F,5,6.279999999999999,174.0,50000000.0,11982000.0,Estimated,6.992244143327939,-0.7122441433279398,0.5241195126022367
Ali Abdi,Tunisia,D,3,6.0,269.0,2000000.0,1231000.0,Estimated,6.72599254799726,-0.7259925479972598,4.8740861088545895
El Hadji Malick Diouf,Senegal,D,3,6.2,170.0,28000000.0,7953000.0,Estimated,6.944289354110225,-0.7442893541102249,0.7795800326920659
Nikola Vasilj,Bosnia & Herzegovina,G,4,6.0,360.0,4500000.0,2184000.0,Estimated,6.793074539525683,-0.7930745395256826,2.7472527472527473
Fernando Muslera,Uruguay,G,3,5.8,225.0,700000.0,586000.0,Estimated,6.639144954758645,-0.8391449547586456,9.897610921501707
Abdukodir Khusanov,Uzbekistan,D,3,6.133333333333333,270.0,50000000.0,11982000.0,Estimated,6.992244143327939,-0.8589108099946063,0.5118789295053692
Stefan Posch,Austria,D,4,5.725,333.0,6000000.0,2676000.0,Estimated,6.81684564811979,-1.09184564811979,2.1393871449925257
